id1,id2,X,Y,month,day,FFMC,DMC,DC,ISI,temp,RH,wind,rain,fire,month nominal
0,0,7,5,mar,fri,86.2,26.2,94.3,5.1,8.2,51,6.7,0.0,0,3
1,2,7,4,oct,sat,90.6,43.7,686.9,6.7,14.6,33,1.3,0.0,0,10
2,3,8,6,mar,fri,91.7,33.3,77.5,9.0,8.3,42,4.0,0.2,0,3
3,4,8,6,mar,sun,89.3,51.3,102.2,9.6,11.4,42,1.8,0.0,0,3
4,5,8,6,aug,sun,92.3,85.3,488.0,14.7,22.2,29,5.4,0.0,0,8
5,6,8,6,aug,mon,92.3,88.9,495.6,8.5,24.1,27,3.1,0.0,0,8
6,7,8,6,aug,mon,91.5,145.4,608.2,10.7,8.0,42,2.2,0.0,0,8
7,8,8,6,sep,tue,91.0,129.5,692.6,7.0,13.1,63,5.4,0.0,0,9
8,9,7,5,sep,sat,92.5,88.0,698.6,7.1,22.8,40,4.0,0.0,0,9
9,10,7,5,sep,sat,92.5,88.0,698.6,7.1,17.8,51,7.2,0.0,0,9
10,11,7,5,sep,sat,92.8,73.2,713.0,8.4,19.3,38,4.0,0.0,0,9
11,12,6,5,aug,fri,91.6,70.8,665.3,0.8,17.0,72,6.7,0.0,0,8
12,13,6,5,sep,mon,90.9,126.5,686.5,7.0,21.3,42,2.2,0.0,0,9
13,14,6,5,sep,wed,92.9,133.3,699.6,9.2,26.4,21,4.5,0.0,0,9
14,15,6,5,sep,fri,93.3,141.2,713.9,13.9,22.9,44,5.4,0.0,0,9
15,17,8,5,oct,mon,91.6,32.8,664.2,3.0,16.7,47,4.9,0.0,0,10
16,18,6,4,mar,wed,89.2,27.9,70.8,6.3,15.9,35,4.0,0.0,0,3
17,19,6,4,apr,sat,86.3,27.4,97.1,5.1,9.3,44,4.5,0.0,0,4
18,20,6,4,sep,tue,91.0,129.5,692.6,7.0,18.3,40,2.7,0.0,0,9
19,22,7,4,jun,sun,94.3,96.3,200.0,8.4,21.0,44,4.5,0.0,0,6
20,23,7,4,aug,sat,90.2,110.9,537.4,6.2,19.5,43,5.8,0.0,0,8
21,24,7,4,aug,sat,93.5,139.4,594.2,8.4,23.7,32,5.8,0.0,0,8
22,25,7,4,aug,sun,91.4,142.4,601.4,10.6,16.3,60,5.4,0.0,0,8
23,26,7,4,sep,fri,92.4,117.9,668.0,12.2,19.0,34,5.8,0.0,0,9
24,27,7,4,sep,mon,90.9,126.5,686.5,7.0,19.4,48,1.3,0.0,0,9
25,28,6,3,sep,sat,93.4,145.4,721.4,8.1,30.2,24,2.7,0.0,0,9
26,29,6,3,sep,sun,93.5,149.3,728.6,8.1,22.8,39,3.6,0.0,0,9
27,31,6,3,sep,mon,88.6,91.8,709.9,7.1,11.2,78,7.6,0.0,0,9
28,32,6,3,sep,fri,88.6,69.7,706.8,5.8,20.6,37,1.8,0.0,0,9
29,33,6,3,sep,sun,91.7,75.6,718.3,7.8,17.7,39,3.6,0.0,0,9
30,34,6,3,sep,mon,91.8,78.5,724.3,9.2,21.2,32,2.7,0.0,0,9
31,35,6,3,sep,tue,90.3,80.7,730.2,6.3,18.2,62,4.5,0.0,0,9
32,36,6,3,oct,tue,90.6,35.4,669.1,6.7,21.7,24,4.5,0.0,0,10
33,37,7,4,oct,fri,90.0,41.5,682.6,8.7,11.3,60,5.4,0.0,0,10
34,38,7,3,oct,sat,90.6,43.7,686.9,6.7,17.8,27,4.0,0.0,0,10
35,39,4,4,mar,tue,88.1,25.7,67.6,3.8,14.1,43,2.7,0.0,0,3
36,40,4,4,jul,tue,91.6,60.6,366.7,1.5,23.3,37,3.1,0.0,0,7
37,41,4,4,aug,sat,90.2,96.9,624.2,8.9,18.4,42,6.7,0.0,0,8
38,42,4,4,aug,tue,94.8,108.3,647.1,17.0,16.6,54,5.4,0.0,0,8
39,43,4,4,sep,sat,92.5,88.0,698.6,7.1,19.6,48,2.7,0.0,0,9
40,44,4,4,sep,wed,90.1,82.9,735.7,6.2,12.9,74,4.9,0.0,0,9
41,45,5,6,sep,wed,94.3,85.1,692.3,15.9,25.9,24,4.0,0.0,0,9
42,46,5,6,sep,mon,90.9,126.5,686.5,7.0,14.7,70,3.6,0.0,0,9
43,47,6,6,jul,mon,94.2,62.3,442.9,11.0,23.0,36,3.1,0.0,0,7
44,48,4,4,mar,mon,87.2,23.9,64.7,4.1,11.8,35,1.8,0.0,0,3
45,49,4,4,mar,mon,87.6,52.2,103.8,5.0,11.0,46,5.8,0.0,0,3
46,50,4,4,sep,thu,92.9,137.0,706.4,9.2,20.8,17,1.3,0.0,0,9
47,51,4,3,aug,sun,90.2,99.6,631.2,6.3,21.5,34,2.2,0.0,0,8
48,52,4,3,aug,wed,92.1,111.2,654.1,9.6,20.4,42,4.9,0.0,0,8
49,53,4,3,aug,wed,92.1,111.2,654.1,9.6,20.4,42,4.9,0.0,0,8
50,54,4,3,aug,thu,91.7,114.3,661.3,6.3,17.6,45,3.6,0.0,0,8
51,55,4,3,sep,thu,92.9,137.0,706.4,9.2,27.7,24,2.2,0.0,0,9
52,56,4,3,sep,tue,90.3,80.7,730.2,6.3,17.8,63,4.9,0.0,0,9
53,57,4,3,oct,sun,92.6,46.5,691.8,8.8,13.8,50,2.7,0.0,0,10
54,58,2,2,feb,mon,91.6,9.3,34.0,2.1,13.9,40,5.4,0.0,0,2
55,59,2,2,feb,fri,86.6,13.2,43.0,5.3,12.3,51,0.9,0.0,0,2
56,60,2,2,mar,sun,89.3,51.3,102.2,9.6,11.5,39,5.8,0.0,0,3
57,61,2,2,mar,sun,89.3,51.3,102.2,9.6,5.5,59,6.3,0.0,0,3
58,62,2,2,aug,thu,93.0,75.3,466.6,7.7,18.8,35,4.9,0.0,0,8
59,63,2,2,aug,sun,90.2,99.6,631.2,6.3,20.8,33,2.7,0.0,0,8
60,64,2,2,aug,mon,91.1,103.2,638.8,5.8,23.1,31,3.1,0.0,0,8
61,65,2,2,aug,thu,91.7,114.3,661.3,6.3,18.6,44,4.5,0.0,0,8
62,66,2,2,sep,fri,92.4,117.9,668.0,12.2,23.0,37,4.5,0.0,0,9
63,67,2,2,sep,fri,92.4,117.9,668.0,12.2,19.6,33,5.4,0.0,0,9
64,68,2,2,sep,fri,92.4,117.9,668.0,12.2,19.6,33,6.3,0.0,0,9
65,69,4,5,mar,fri,91.7,33.3,77.5,9.0,17.2,26,4.5,0.0,0,3
66,70,4,5,mar,fri,91.2,48.3,97.8,12.5,15.8,27,7.6,0.0,0,3
67,71,4,5,sep,fri,94.3,85.1,692.3,15.9,17.7,37,3.6,0.0,0,9
68,72,5,4,mar,fri,91.7,33.3,77.5,9.0,15.6,25,6.3,0.0,0,3
69,73,5,4,aug,tue,88.8,147.3,614.5,9.0,17.3,43,4.5,0.0,0,8
70,74,5,4,sep,fri,93.3,141.2,713.9,13.9,27.6,30,1.3,0.0,0,9
71,75,9,9,feb,thu,91.6,6.8,26.6,7.7,6.7,79,3.1,0.0,0,2
72,76,9,9,feb,fri,86.6,13.2,43.0,5.3,15.7,43,3.1,0.0,0,2
73,77,1,3,mar,mon,87.6,52.2,103.8,5.0,8.3,72,3.1,0.0,0,3
74,78,1,2,aug,fri,90.1,108.0,529.8,12.5,14.7,66,2.7,0.0,0,8
75,79,1,2,aug,tue,91.0,121.2,561.6,7.0,21.6,19,6.7,0.0,0,8
76,80,1,2,aug,sun,91.4,142.4,601.4,10.6,19.5,39,6.3,0.0,0,8
77,81,1,2,aug,sun,90.2,99.6,631.2,6.3,17.9,44,2.2,0.0,0,8
78,82,1,2,aug,tue,94.8,108.3,647.1,17.0,18.6,51,4.5,0.0,0,8
79,83,1,2,aug,wed,92.1,111.2,654.1,9.6,16.6,47,0.9,0.0,0,8
80,84,1,2,aug,thu,91.7,114.3,661.3,6.3,20.2,45,3.6,0.0,0,8
81,85,1,2,sep,thu,92.9,137.0,706.4,9.2,21.5,15,0.9,0.0,0,9
82,86,1,2,sep,thu,92.9,137.0,706.4,9.2,25.4,27,2.2,0.0,0,9
83,87,1,2,sep,thu,92.9,137.0,706.4,9.2,22.4,34,2.2,0.0,0,9
84,88,1,2,sep,sun,93.5,149.3,728.6,8.1,25.3,36,3.6,0.0,0,9
85,89,6,5,mar,sat,91.7,35.8,80.8,7.8,17.4,25,4.9,0.0,0,3
86,90,6,5,aug,sat,90.2,96.9,624.2,8.9,14.7,59,5.8,0.0,0,8
87,91,8,6,mar,fri,91.7,35.8,80.8,7.8,17.4,24,5.4,0.0,0,3
88,92,8,6,aug,sun,92.3,85.3,488.0,14.7,20.8,32,6.3,0.0,0,8
89,93,8,6,aug,sun,91.4,142.4,601.4,10.6,18.2,43,4.9,0.0,0,8
90,94,8,6,aug,mon,91.1,103.2,638.8,5.8,23.4,22,2.7,0.0,0,8
91,95,4,4,sep,sun,89.7,90.0,704.4,4.8,17.8,64,1.3,0.0,0,9
92,96,3,4,feb,sat,91.6,8.0,30.2,2.6,12.7,48,1.8,0.0,0,2
93,97,3,4,mar,sat,91.6,2.4,15.5,0.7,17.4,24,5.4,0.0,0,3
94,98,3,4,aug,sun,91.4,142.4,601.4,10.6,11.6,42,4.5,0.0,0,8
95,99,3,4,aug,sun,91.4,142.4,601.4,10.6,19.8,39,5.4,0.0,0,8
96,100,3,4,aug,sun,91.4,142.4,601.4,10.6,19.8,39,5.4,0.0,0,8
97,101,3,4,aug,tue,88.8,147.3,614.5,9.0,14.4,66,5.4,0.0,0,8
98,102,2,4,aug,tue,94.8,108.3,647.1,17.0,20.1,40,4.0,0.0,0,8
99,103,2,4,sep,sat,92.5,121.1,674.4,8.6,24.1,29,4.5,0.0,0,9
100,104,2,4,jan,sat,91.6,3.7,9.3,2.9,5.3,78,3.1,0.0,0,1
101,105,4,5,mar,fri,91.6,19.5,57.3,2.8,12.7,52,6.3,0.0,0,3
102,106,4,5,mar,thu,91.4,30.7,74.3,7.5,18.2,29,3.1,0.0,0,3
103,107,4,5,aug,sun,90.2,99.6,631.2,6.3,21.4,33,3.1,0.0,0,8
104,108,4,5,sep,sat,92.5,88.0,698.6,7.1,20.3,45,3.1,0.0,0,9
105,109,4,5,sep,mon,88.6,91.8,709.9,7.1,17.4,56,5.4,0.0,0,9
106,110,4,4,mar,fri,91.6,19.5,57.3,2.8,13.7,43,5.8,0.0,0,3
107,111,3,4,mar,fri,91.7,33.3,77.5,9.0,18.8,18,4.5,0.0,0,3
108,112,3,4,sep,sun,89.7,90.0,704.4,4.8,22.8,39,3.6,0.0,0,9
109,113,3,4,sep,mon,91.8,78.5,724.3,9.2,18.9,35,2.7,0.0,0,9
110,114,3,4,mar,tue,88.1,25.7,67.6,3.8,15.8,27,7.6,0.0,0,3
111,115,3,5,mar,tue,88.1,25.7,67.6,3.8,15.5,27,6.3,0.0,0,3
112,116,3,4,mar,sat,91.7,35.8,80.8,7.8,11.6,30,6.3,0.0,0,3
113,117,3,4,mar,sat,91.7,35.8,80.8,7.8,15.2,27,4.9,0.0,0,3
114,118,3,4,mar,mon,90.1,39.7,86.6,6.2,10.6,30,4.0,0.0,0,3
115,119,3,4,aug,thu,93.0,75.3,466.6,7.7,19.6,36,3.1,0.0,0,8
116,120,3,4,aug,mon,91.5,145.4,608.2,10.7,10.3,74,2.2,0.0,0,8
117,121,3,4,aug,mon,91.5,145.4,608.2,10.7,17.1,43,5.4,0.0,0,8
118,122,3,4,sep,sun,92.4,124.1,680.7,8.5,22.5,42,5.4,0.0,0,9
119,123,3,4,sep,tue,91.6,73.4,671.9,3.2,17.9,45,3.1,0.0,0,9
120,124,3,4,sep,fri,94.3,85.1,692.3,15.9,19.8,50,5.4,0.0,0,9
121,125,3,4,oct,sun,92.6,46.5,691.8,8.8,20.6,24,5.4,0.0,0,10
122,126,3,5,mar,mon,87.6,52.2,103.8,5.0,9.0,49,2.2,0.0,0,3
123,127,3,5,sep,fri,93.5,149.3,728.6,8.1,17.2,43,3.1,0.0,0,9
124,128,3,5,oct,wed,91.4,37.9,673.8,5.2,15.9,46,3.6,0.0,0,10
125,129,2,5,oct,sun,92.6,46.5,691.8,8.8,15.4,35,0.9,0.0,0,10
126,130,4,6,feb,sat,91.6,21.5,87.2,0.8,15.4,40,2.7,0.0,0,2
127,131,4,6,mar,mon,87.2,23.9,64.7,4.1,14.0,39,3.1,0.0,0,3
128,132,4,6,mar,sun,89.3,51.3,102.2,9.6,10.6,46,4.9,0.0,0,3
129,133,4,6,sep,thu,93.7,80.9,685.2,8.4,17.6,42,3.1,0.0,0,9
130,134,3,5,mar,tue,88.1,25.7,67.6,3.8,14.9,38,2.7,0.0,0,3
131,135,3,5,aug,sat,93.5,139.4,594.2,8.4,17.6,52,5.8,0.0,0,8
132,136,3,6,sep,sun,92.4,124.1,680.7,8.5,17.2,58,1.3,0.0,0,9
133,137,3,6,sep,mon,90.9,126.5,686.5,7.0,15.6,66,3.1,0.0,0,9
134,138,9,9,jul,tue,91.6,48.3,313.4,3.9,18.0,42,2.7,0.0,1,7
135,139,1,4,sep,tue,91.0,129.5,692.6,7.0,21.7,38,2.2,0.0,1,9
136,140,2,5,sep,mon,90.9,126.5,686.5,7.0,21.9,39,1.8,0.0,1,9
137,141,1,2,aug,wed,95.5,99.9,513.3,13.2,23.3,31,4.5,0.0,1,8
138,142,8,6,aug,fri,90.1,108.0,529.8,12.5,21.2,51,4.0,0.0,1,8
139,143,1,2,jul,sat,90.0,51.3,296.3,8.7,16.6,53,5.4,0.0,1,7
140,144,2,5,aug,wed,95.5,99.9,513.3,13.2,23.8,32,5.4,0.0,1,8
141,145,6,5,aug,thu,95.2,131.7,578.8,10.4,27.4,22,4.0,0.0,1,8
142,146,5,4,mar,mon,90.1,39.7,86.6,6.2,13.2,40,5.4,0.0,1,3
143,147,8,3,sep,tue,91.6,73.4,671.9,3.2,24.2,28,3.6,0.0,1,9
144,148,2,2,aug,tue,94.8,108.3,647.1,17.0,17.4,43,6.7,0.0,1,8
145,149,8,6,sep,thu,93.7,80.9,685.2,8.4,23.7,25,4.5,0.0,1,9
146,150,6,5,jun,fri,92.5,56.4,433.3,7.1,23.2,39,5.4,0.0,1,6
147,151,9,9,jul,sun,90.1,68.6,355.2,7.2,24.8,29,2.2,0.0,1,7
148,152,3,4,jul,sat,90.1,51.2,424.1,6.2,24.6,43,1.8,0.0,1,7
149,153,5,4,sep,fri,94.3,85.1,692.3,15.9,20.1,47,4.9,0.0,1,9
150,154,1,5,sep,sat,93.4,145.4,721.4,8.1,29.6,27,2.7,0.0,1,9
151,155,7,4,aug,sun,94.8,108.3,647.1,17.0,16.4,47,1.3,0.0,1,8
152,156,2,4,sep,sat,93.4,145.4,721.4,8.1,28.6,27,2.2,0.0,1,9
153,157,2,2,aug,wed,92.1,111.2,654.1,9.6,18.4,45,3.6,0.0,1,8
154,158,2,4,aug,wed,92.1,111.2,654.1,9.6,20.5,35,4.0,0.0,1,8
155,159,7,4,sep,fri,92.4,117.9,668.0,12.2,19.0,34,5.8,0.0,1,9
156,160,7,4,mar,mon,90.1,39.7,86.6,6.2,16.1,29,3.1,0.0,1,3
157,161,6,4,aug,thu,95.2,131.7,578.8,10.4,20.3,41,4.0,0.0,1,8
158,162,6,3,mar,sat,90.6,50.1,100.4,7.8,15.2,31,4.0,0.0,1,3
159,163,8,6,sep,sat,92.5,121.1,674.4,8.6,17.8,56,1.8,0.0,1,9
160,164,8,5,sep,sun,89.7,90.0,704.4,4.8,17.8,67,2.2,0.0,1,9
161,165,6,5,mar,thu,91.6,18.2,55.0,3.0,5.3,70,4.5,0.0,1,3
162,166,6,5,aug,wed,92.1,111.2,654.1,9.6,16.6,47,0.9,0.0,1,8
163,167,6,5,aug,wed,96.0,127.1,570.5,16.5,23.4,33,4.5,0.0,1,8
164,168,6,5,mar,fri,91.2,48.3,97.8,12.5,14.6,26,4.0,0.0,1,3
165,169,8,6,aug,thu,95.2,131.7,578.8,10.4,20.7,45,2.2,0.0,1,8
166,170,5,4,sep,wed,92.9,133.3,699.6,9.2,21.9,35,1.8,0.0,1,9
167,171,8,6,aug,wed,91.6,90.4,609.6,6.6,17.4,50,4.0,0.0,1,8
168,172,7,4,aug,sun,91.4,142.4,601.4,10.6,20.1,39,5.4,0.0,1,8
169,173,4,4,sep,mon,90.9,126.5,686.5,7.0,17.7,39,2.2,0.0,1,9
170,174,1,4,aug,sat,90.2,96.9,624.2,8.9,14.2,53,1.8,0.0,1,8
171,175,1,4,aug,sat,90.2,96.9,624.2,8.9,20.3,39,4.9,0.0,1,8
172,176,6,5,apr,thu,91.6,9.1,55.2,2.7,5.8,54,5.8,0.0,1,4
173,177,2,5,aug,sun,90.2,99.6,631.2,6.3,19.2,44,2.7,0.0,1,8
174,178,2,5,sep,wed,90.1,82.9,735.7,6.2,18.3,45,2.2,0.0,1,9
175,179,8,6,aug,tue,88.8,147.3,614.5,9.0,14.4,66,5.4,0.0,1,8
176,180,1,3,sep,sun,92.4,124.1,680.7,8.5,23.9,32,6.7,0.0,1,9
177,181,8,6,oct,mon,91.6,32.8,664.2,3.0,19.1,32,4.0,0.0,1,10
178,182,5,4,feb,sun,86.8,15.6,48.3,3.9,12.4,53,2.2,0.0,1,2
179,183,7,4,oct,mon,91.7,48.5,696.1,11.1,16.8,45,4.5,0.0,1,10
180,184,8,6,aug,fri,93.9,135.7,586.7,15.1,20.8,34,4.9,0.0,1,8
181,185,2,5,sep,tue,91.0,129.5,692.6,7.0,17.6,46,3.1,0.0,1,9
182,186,8,6,mar,sun,89.3,51.3,102.2,9.6,11.5,39,5.8,0.0,1,3
183,187,1,5,sep,mon,90.9,126.5,686.5,7.0,21.0,42,2.2,0.0,1,9
184,188,6,4,mar,sat,90.8,41.9,89.4,7.9,13.3,42,0.9,0.0,1,3
185,189,7,4,mar,sun,90.7,44.0,92.4,5.5,11.5,60,4.0,0.0,1,3
186,190,6,5,mar,fri,91.2,48.3,97.8,12.5,11.7,33,4.0,0.0,1,3
187,191,2,5,aug,thu,95.2,131.7,578.8,10.4,24.2,28,2.7,0.0,1,8
188,192,2,2,aug,tue,94.8,108.3,647.1,17.0,24.6,22,4.5,0.0,1,8
189,193,4,5,sep,wed,92.9,133.3,699.6,9.2,24.3,25,4.0,0.0,1,9
190,194,2,2,aug,tue,94.8,108.3,647.1,17.0,24.6,22,4.5,0.0,1,8
191,195,2,5,aug,fri,93.9,135.7,586.7,15.1,23.5,36,5.4,0.0,1,8
192,196,6,5,apr,thu,91.6,9.1,55.2,2.7,5.8,54,5.8,0.0,1,4
193,197,4,5,sep,thu,92.9,137.0,706.4,9.2,21.5,15,0.9,0.0,1,9
194,198,3,4,sep,tue,91.0,129.5,692.6,7.0,13.9,59,6.3,0.0,1,9
195,199,2,4,sep,mon,91.6,70.8,665.3,0.8,22.6,38,3.6,0.0,1,9
196,200,1,5,sep,tue,91.0,129.5,692.6,7.0,21.6,33,2.2,0.0,1,9
197,201,6,5,mar,sun,90.1,37.6,83.7,7.2,12.4,54,3.6,0.0,1,3
198,202,7,4,feb,sun,91.6,8.7,32.1,2.1,8.8,68,2.2,0.0,1,2
199,203,8,6,oct,wed,91.4,37.9,673.8,5.2,20.2,37,2.7,0.0,1,10
200,204,5,6,mar,sat,90.6,50.1,100.4,7.8,15.1,64,4.0,0.0,1,3
201,205,4,5,sep,thu,92.9,137.0,706.4,9.2,22.1,34,1.8,0.0,1,9
202,206,2,2,aug,sat,93.5,139.4,594.2,8.4,22.9,31,7.2,0.0,1,8
203,207,7,5,sep,tue,91.0,129.5,692.6,7.0,20.7,37,2.2,0.0,1,9
204,208,6,5,sep,fri,92.4,117.9,668.0,12.2,19.6,33,6.3,0.0,1,9
205,209,8,3,sep,thu,93.7,80.9,685.2,8.4,23.2,26,4.9,0.0,1,9
206,210,4,4,oct,sat,90.6,43.7,686.9,6.7,18.4,25,3.1,0.0,1,10
207,211,7,4,aug,sat,93.5,139.4,594.2,8.4,5.1,42,5.8,0.0,1,8
208,212,7,4,sep,fri,94.3,85.1,692.3,15.9,20.1,47,4.9,0.0,1,9
209,213,7,3,mar,mon,87.6,52.2,103.8,5.0,11.0,46,5.8,0.0,1,3
210,214,4,4,mar,sat,91.7,35.8,80.8,7.8,17.0,27,4.9,0.0,1,3
211,215,4,4,mar,sat,91.7,35.8,80.8,7.8,17.0,27,4.9,0.0,1,3
212,216,4,4,sep,sun,92.4,124.1,680.7,8.5,16.9,60,1.3,0.0,1,9
213,217,1,3,sep,mon,88.6,91.8,709.9,7.1,12.4,73,6.3,0.0,1,9
214,218,4,5,sep,wed,92.9,133.3,699.6,9.2,19.4,19,1.3,0.0,1,9
215,219,6,5,mar,mon,90.1,39.7,86.6,6.2,15.2,27,3.1,0.0,1,3
216,220,8,6,aug,sun,90.2,99.6,631.2,6.3,16.2,59,3.1,0.0,1,8
217,221,3,4,sep,fri,93.3,141.2,713.9,13.9,18.6,49,3.6,0.0,1,9
218,222,4,3,mar,mon,87.6,52.2,103.8,5.0,11.0,46,5.8,0.0,1,3
219,223,2,2,jul,fri,88.3,150.3,309.9,6.8,13.4,79,3.6,0.0,1,7
220,224,7,4,sep,wed,90.1,82.9,735.7,6.2,15.4,57,4.5,0.0,1,9
221,225,4,4,sep,sun,93.5,149.3,728.6,8.1,22.9,39,4.9,0.0,1,9
222,226,7,5,oct,mon,91.7,48.5,696.1,11.1,16.1,44,4.0,0.0,1,10
223,227,8,6,aug,sat,92.2,81.8,480.8,11.9,20.1,34,4.5,0.0,1,8
224,228,4,6,sep,sun,93.5,149.3,728.6,8.1,28.3,26,3.1,0.0,1,9
225,229,8,6,aug,sat,92.2,81.8,480.8,11.9,16.4,43,4.0,0.0,1,8
226,230,4,4,sep,wed,92.9,133.3,699.6,9.2,26.4,21,4.5,0.0,1,9
227,231,1,5,sep,sun,93.5,149.3,728.6,8.1,27.8,27,3.1,0.0,1,9
228,232,6,4,sep,tue,91.0,129.5,692.6,7.0,18.7,43,2.7,0.0,1,9
229,233,9,4,sep,tue,91.6,73.4,671.9,3.2,24.3,36,3.1,0.0,1,9
230,234,4,5,sep,sat,92.5,121.1,674.4,8.6,17.7,25,3.1,0.0,1,9
231,235,8,6,aug,sun,91.4,142.4,601.4,10.6,19.6,41,5.8,0.0,1,8
232,236,2,2,sep,sat,92.5,121.1,674.4,8.6,18.2,46,1.8,0.0,1,9
233,237,1,2,sep,tue,91.0,129.5,692.6,7.0,18.8,40,2.2,0.0,1,9
234,238,6,5,sep,sat,92.5,121.1,674.4,8.6,25.1,27,4.0,0.0,1,9
235,239,7,5,apr,sun,91.6,3.0,7.9,3.5,13.4,75,1.8,0.0,0,4
236,240,6,3,apr,wed,88.0,17.2,43.5,3.8,15.2,51,2.7,0.0,0,4
237,241,4,4,apr,fri,91.6,23.3,85.3,2.3,16.7,20,3.1,0.0,0,4
238,242,2,4,aug,sun,94.2,122.3,589.9,12.9,15.4,66,4.0,0.0,1,8
239,243,7,4,aug,sun,91.8,175.1,700.7,13.8,21.9,73,7.6,1.0,0,8
240,244,2,4,aug,sun,91.8,175.1,700.7,13.8,22.4,54,7.6,0.0,1,8
241,245,3,4,aug,sun,91.8,175.1,700.7,13.8,26.8,38,6.3,0.0,1,8
242,246,5,4,aug,sun,91.8,175.1,700.7,13.8,25.7,39,5.4,0.0,1,8
243,247,2,4,aug,wed,92.2,91.6,503.6,9.6,20.7,70,2.2,0.0,1,8
244,248,8,6,aug,wed,93.1,157.3,666.7,13.5,28.7,28,2.7,0.0,0,8
245,249,3,4,aug,wed,93.1,157.3,666.7,13.5,21.7,40,0.4,0.0,1,8
246,250,8,5,aug,wed,93.1,157.3,666.7,13.5,26.8,25,3.1,0.0,1,8
247,251,8,5,aug,wed,93.1,157.3,666.7,13.5,24.0,36,3.1,0.0,1,8
248,252,6,5,aug,wed,93.1,157.3,666.7,13.5,22.1,37,3.6,0.0,1,8
249,253,7,4,aug,thu,91.9,109.2,565.5,8.0,21.4,38,2.7,0.0,1,8
250,254,6,3,aug,thu,91.6,138.1,621.7,6.3,18.9,41,3.1,0.0,1,8
251,255,2,5,aug,thu,87.5,77.0,694.8,5.0,22.3,46,4.0,0.0,0,8
252,256,8,6,aug,sat,94.2,117.2,581.1,11.0,23.9,41,2.2,0.0,1,8
253,257,4,3,aug,sat,94.2,117.2,581.1,11.0,21.4,44,2.7,0.0,1,8
254,258,3,4,aug,sat,91.8,170.9,692.3,13.7,20.6,59,0.9,0.0,0,8
255,259,7,4,aug,sat,91.8,170.9,692.3,13.7,23.7,40,1.8,0.0,1,8
256,260,2,4,aug,mon,93.6,97.9,542.0,14.4,28.3,32,4.0,0.0,1,8
257,261,3,4,aug,fri,91.6,112.4,573.0,8.9,11.2,42,7.6,0.0,1,8
258,262,2,4,aug,fri,91.6,112.4,573.0,8.9,21.4,42,3.1,0.0,1,8
259,263,6,3,aug,fri,91.1,141.1,629.1,7.1,19.3,39,3.6,0.0,1,8
260,264,4,4,aug,fri,94.3,167.6,684.4,13.0,21.8,53,3.1,0.0,1,8
261,265,4,4,aug,tue,93.7,102.2,550.3,14.6,22.1,54,7.6,0.0,1,8
262,266,6,5,aug,tue,94.3,131.7,607.1,8.4,19.4,55,4.0,0.0,1,8
263,267,2,2,aug,tue,92.1,152.6,658.2,14.3,23.7,24,3.1,0.0,0,8
264,268,3,4,aug,tue,92.1,152.6,658.2,14.3,21.0,32,3.1,0.0,0,8
265,269,4,4,aug,tue,92.1,152.6,658.2,14.3,19.1,53,2.7,0.0,1,8
266,270,2,2,aug,tue,92.1,152.6,658.2,14.3,21.8,56,3.1,0.0,1,8
267,271,8,6,aug,tue,92.1,152.6,658.2,14.3,20.1,58,4.5,0.0,1,8
268,272,2,5,aug,tue,92.1,152.6,658.2,14.3,20.2,47,4.0,0.0,1,8
269,273,4,6,dec,sun,91.6,27.2,353.5,6.8,4.8,57,4.0,0.0,1,12
270,274,8,6,dec,wed,91.6,27.8,354.6,5.3,5.1,61,8.0,0.0,1,12
271,275,4,6,dec,thu,91.6,26.4,352.0,2.0,5.1,61,4.9,0.0,1,12
272,276,4,4,dec,mon,91.6,25.4,349.7,2.6,4.6,21,4.0,0.0,1,12
273,277,3,4,dec,mon,91.6,25.4,349.7,2.6,4.6,21,4.0,0.0,1,12
274,278,4,4,dec,mon,91.6,25.4,349.7,2.6,4.6,21,4.0,0.0,1,12
275,279,4,4,dec,mon,91.6,25.4,349.7,2.6,4.6,21,4.0,0.0,1,12
276,280,4,6,dec,fri,91.6,26.7,352.6,4.1,2.2,59,4.9,0.0,1,12
277,281,6,5,dec,tue,91.6,25.4,349.7,2.6,5.1,24,4.0,0.0,1,12
278,282,6,3,feb,sun,91.6,27.5,353.5,3.4,4.2,51,4.0,0.0,0,2
279,283,3,4,feb,wed,86.9,6.6,18.7,3.2,8.8,35,3.1,0.0,1,2
280,284,5,4,feb,fri,91.6,4.9,15.8,6.3,7.5,46,8.0,0.0,1,2
281,285,2,5,jul,sun,93.9,169.7,411.8,12.3,23.4,40,6.3,0.0,0,7
282,286,7,6,jul,wed,91.2,183.1,437.7,12.5,12.6,42,7.6,0.2,0,7
283,287,7,4,jul,sat,91.6,104.2,474.9,9.0,22.1,49,2.7,0.0,0,7
284,288,7,4,jul,sat,91.6,104.2,474.9,9.0,24.2,32,1.8,0.0,0,7
285,289,7,4,jul,sat,91.6,104.2,474.9,9.0,24.3,30,1.8,0.0,0,7
286,290,2,5,jul,sat,91.6,104.2,474.9,9.0,18.7,53,1.8,0.0,0,7
287,291,9,4,jul,sat,91.6,104.2,474.9,9.0,25.3,39,0.9,0.0,1,7
288,292,4,5,jul,fri,91.6,100.2,466.3,6.3,22.9,40,1.3,0.0,1,7
289,293,7,6,jul,tue,93.1,180.4,430.8,11.0,26.9,28,5.4,0.0,1,7
290,294,8,6,jul,tue,92.3,88.8,440.9,8.5,17.1,67,3.6,0.0,1,7
291,295,7,5,jun,sun,93.1,180.4,430.8,11.0,22.2,48,1.3,0.0,0,6
292,296,6,4,jun,sun,90.4,89.5,290.8,6.4,14.3,46,1.8,0.0,1,6
293,297,8,6,jun,sun,90.4,89.5,290.8,6.4,15.4,45,2.2,0.0,0,6
294,298,8,6,jun,wed,91.2,147.8,377.2,12.7,19.6,43,4.9,0.0,0,6
295,299,6,5,jun,sat,91.6,71.0,233.8,0.4,10.6,42,2.7,0.0,0,6
296,300,6,5,jun,mon,90.4,93.3,298.1,7.5,20.7,25,4.9,0.0,0,6
297,301,6,5,jun,mon,90.4,93.3,298.1,7.5,19.1,39,5.4,0.0,1,6
298,302,3,6,jun,fri,91.1,94.1,232.1,7.1,19.2,38,4.5,0.0,0,6
299,303,3,6,jun,fri,91.1,94.1,232.1,7.1,19.2,38,4.5,0.0,0,6
300,304,6,5,may,sat,91.6,28.0,113.8,3.5,11.3,42,4.9,0.0,0,5
301,305,1,4,sep,sun,89.6,84.1,714.3,5.7,19.0,52,2.2,0.0,0,9
302,306,7,4,sep,sun,89.6,84.1,714.3,5.7,17.1,53,5.4,0.0,1,9
303,307,3,4,sep,sun,89.6,84.1,714.3,5.7,23.8,35,3.6,0.0,1,9
304,308,2,4,sep,sun,92.4,105.8,758.1,9.9,16.0,45,1.8,0.0,0,9
305,309,2,4,sep,sun,92.4,105.8,758.1,9.9,24.9,27,2.2,0.0,0,9
306,310,7,4,sep,sun,92.4,105.8,758.1,9.9,25.3,27,2.7,0.0,0,9
307,311,6,3,sep,sun,92.4,105.8,758.1,9.9,24.8,28,1.8,0.0,1,9
308,312,2,4,sep,sun,91.6,46.2,706.6,0.4,12.2,78,6.3,0.0,0,9
309,313,6,5,sep,wed,92.6,115.4,777.1,8.8,24.3,27,4.9,0.0,0,9
310,314,4,4,sep,wed,92.6,115.4,777.1,8.8,19.7,41,1.8,0.0,1,9
311,315,3,4,sep,wed,91.2,134.7,817.5,7.2,18.5,30,2.7,0.0,0,9
312,316,4,5,sep,thu,92.4,96.2,739.4,8.6,18.6,24,5.8,0.0,0,9
313,317,4,4,sep,thu,92.4,96.2,739.4,8.6,19.2,24,4.9,0.0,1,9
314,318,6,5,sep,thu,92.8,119.0,783.5,7.5,21.6,27,2.2,0.0,0,9
315,319,5,4,sep,thu,92.8,119.0,783.5,7.5,21.6,28,6.3,0.0,1,9
316,320,6,3,sep,thu,92.8,119.0,783.5,7.5,18.9,34,7.2,0.0,1,9
317,321,1,4,sep,thu,92.8,119.0,783.5,7.5,16.8,28,4.0,0.0,1,9
318,322,6,5,sep,thu,92.8,119.0,783.5,7.5,16.8,28,4.0,0.0,1,9
319,323,3,5,sep,thu,90.7,136.9,822.8,6.8,12.9,39,2.7,0.0,1,9
320,324,6,5,sep,thu,88.1,53.3,726.9,5.4,13.7,56,1.8,0.0,1,9
321,325,1,4,sep,sat,92.2,102.3,751.5,8.4,24.2,27,3.1,0.0,0,9
322,326,5,4,sep,sat,92.2,102.3,751.5,8.4,24.1,27,3.1,0.0,0,9
323,327,6,5,sep,sat,92.2,102.3,751.5,8.4,21.2,32,2.2,0.0,0,9
324,328,6,5,sep,sat,92.2,102.3,751.5,8.4,19.7,35,1.8,0.0,0,9
325,329,4,3,sep,sat,92.2,102.3,751.5,8.4,23.5,27,4.0,0.0,1,9
326,330,3,3,sep,sat,92.2,102.3,751.5,8.4,24.2,27,3.1,0.0,1,9
327,331,7,4,sep,sat,91.2,124.4,795.3,8.5,21.5,28,4.5,0.0,1,9
328,332,4,4,sep,sat,91.2,124.4,795.3,8.5,17.1,41,2.2,0.0,1,9
329,333,1,4,sep,mon,92.1,87.7,721.1,9.5,18.1,54,3.1,0.0,1,9
330,334,2,3,sep,mon,91.6,108.4,764.0,6.2,18.0,51,5.4,0.0,0,9
331,335,4,3,sep,mon,91.6,108.4,764.0,6.2,9.8,42,1.8,0.0,0,9
332,336,7,4,sep,mon,91.6,108.4,764.0,6.2,19.3,44,2.2,0.0,0,9
333,337,6,3,sep,mon,91.6,108.4,764.0,6.2,23.0,34,2.2,0.0,1,9
334,338,8,6,sep,mon,91.6,108.4,764.0,6.2,22.7,35,2.2,0.0,1,9
335,339,2,4,sep,mon,91.6,108.4,764.0,6.2,20.4,41,1.8,0.0,1,9
336,340,2,5,sep,mon,91.6,108.4,764.0,6.2,19.3,44,2.2,0.0,1,9
337,341,8,6,sep,mon,91.9,111.7,770.3,6.5,15.7,51,2.2,0.0,0,9
338,342,6,3,sep,mon,91.5,130.1,807.1,7.5,20.6,37,1.8,0.0,0,9
339,343,8,6,sep,mon,91.5,130.1,807.1,7.5,15.9,51,4.5,0.0,1,9
340,344,6,3,sep,mon,91.5,130.1,807.1,7.5,12.2,66,4.9,0.0,1,9
341,345,2,2,sep,mon,91.5,130.1,807.1,7.5,16.8,43,3.1,0.0,1,9
342,346,1,4,sep,mon,91.5,130.1,807.1,7.5,21.3,35,2.2,0.0,1,9
343,347,5,4,sep,fri,92.1,99.0,745.3,9.6,10.1,75,3.6,0.0,0,9
344,348,3,4,sep,fri,92.1,99.0,745.3,9.6,17.4,57,4.5,0.0,0,9
345,349,5,4,sep,fri,92.1,99.0,745.3,9.6,12.8,64,3.6,0.0,1,9
346,350,5,4,sep,fri,92.1,99.0,745.3,9.6,10.1,75,3.6,0.0,1,9
347,351,4,4,sep,fri,92.1,99.0,745.3,9.6,15.4,53,6.3,0.0,1,9
348,352,7,4,sep,fri,92.1,99.0,745.3,9.6,20.6,43,3.6,0.0,1,9
349,353,7,4,sep,fri,92.1,99.0,745.3,9.6,19.8,47,2.7,0.0,1,9
350,354,7,4,sep,fri,92.1,99.0,745.3,9.6,18.7,50,2.2,0.0,1,9
351,355,4,4,sep,fri,92.1,99.0,745.3,9.6,20.8,35,4.9,0.0,1,9
352,356,4,4,sep,fri,92.1,99.0,745.3,9.6,20.8,35,4.9,0.0,1,9
353,357,6,3,sep,fri,92.5,122.0,789.7,10.2,15.9,55,3.6,0.0,0,9
354,358,6,3,sep,fri,92.5,122.0,789.7,10.2,19.7,39,2.7,0.0,0,9
355,359,1,4,sep,fri,92.5,122.0,789.7,10.2,21.1,39,2.2,0.0,1,9
356,360,6,5,sep,fri,92.5,122.0,789.7,10.2,18.4,42,2.2,0.0,1,9
357,361,4,3,sep,fri,92.5,122.0,789.7,10.2,17.3,45,4.0,0.0,1,9
358,362,7,4,sep,fri,88.2,55.2,732.3,11.6,15.2,64,3.1,0.0,1,9
359,363,4,3,sep,tue,91.9,111.7,770.3,6.5,15.9,53,2.2,0.0,1,9
360,364,6,5,sep,tue,91.9,111.7,770.3,6.5,21.1,35,2.7,0.0,1,9
361,365,6,5,sep,tue,91.9,111.7,770.3,6.5,19.6,45,3.1,0.0,1,9
362,366,4,5,sep,tue,91.1,132.3,812.1,12.5,15.9,38,5.4,0.0,1,9
363,367,4,5,sep,tue,91.1,132.3,812.1,12.5,16.4,27,3.6,0.0,0,9
364,368,6,5,sep,sat,91.2,94.3,744.4,8.4,16.8,47,4.9,0.0,1,9
365,369,4,5,sep,sun,91.0,108.3,825.1,7.1,13.8,77,7.6,0.0,0,9
366,370,7,4,sep,sun,91.0,108.3,825.1,7.1,13.8,77,7.6,0.0,1,9
367,371,3,4,jul,wed,91.9,133.6,520.5,8.0,14.2,58,4.0,0.0,0,7
368,372,4,5,aug,sun,92.0,203.2,664.5,8.1,10.4,75,0.9,0.0,0,8
369,373,5,4,aug,thu,94.8,222.4,698.6,13.9,20.3,42,2.7,0.0,0,8
370,374,6,5,sep,fri,90.3,108.3,855.3,7.4,10.3,78,4.0,0.0,1,9
371,375,6,5,sep,sat,91.2,94.3,744.4,8.4,15.4,57,4.9,0.0,1,9
372,376,8,6,aug,mon,92.1,207.0,672.6,8.2,21.1,54,2.2,0.0,0,8
373,377,2,2,aug,sat,93.7,231.1,715.1,8.4,21.9,42,2.2,0.0,1,8
374,378,6,5,mar,thu,90.9,18.9,30.6,8.0,8.7,51,5.8,0.0,0,3
375,379,4,5,jan,sun,91.6,1.1,171.4,8.4,5.2,42,0.9,0.0,0,1
376,380,5,4,jul,wed,93.7,101.3,458.8,11.9,19.3,39,7.2,0.0,1,7
377,381,8,6,aug,thu,90.7,194.1,643.0,6.8,16.2,63,2.7,0.0,1,8
378,382,8,6,aug,wed,95.2,217.7,690.0,8.4,28.2,29,1.8,0.0,1,8
379,383,9,6,aug,thu,91.6,248.4,753.8,6.3,20.5,58,2.7,0.0,1,8
380,384,8,4,aug,sat,91.6,108.3,819.1,7.7,21.3,44,4.5,0.0,1,8
381,385,2,4,aug,sun,91.6,181.3,613.0,7.6,20.9,50,2.2,0.0,1,8
382,386,3,4,sep,sun,90.5,96.7,750.5,11.4,20.6,55,5.4,0.0,1,9
383,387,5,5,mar,thu,90.9,18.9,30.6,8.0,11.6,48,5.4,0.0,0,3
384,388,6,4,aug,fri,94.8,227.0,706.7,12.0,23.3,34,3.1,0.0,1,8
385,389,7,4,aug,fri,94.8,227.0,706.7,12.0,23.3,34,3.1,0.0,0,8
386,390,7,4,feb,mon,91.6,9.5,58.3,4.1,7.5,71,6.3,0.0,1,2
387,391,8,6,sep,fri,91.1,91.3,738.1,7.2,20.7,46,2.7,0.0,1,9
388,392,1,3,sep,sun,91.0,108.3,825.1,7.1,21.9,43,4.0,0.0,1,9
389,393,2,4,mar,tue,93.4,15.0,25.6,11.4,15.2,19,7.6,0.0,0,3
390,394,6,5,feb,mon,91.6,4.6,46.7,2.2,5.3,68,1.8,0.0,0,2
391,395,4,5,feb,sun,91.6,9.0,56.9,3.5,10.1,62,1.8,0.0,1,2
392,396,4,3,sep,sun,90.5,96.7,750.5,11.4,20.4,55,4.9,0.0,1,9
393,397,5,6,aug,sun,91.6,181.3,613.0,7.6,24.3,33,3.6,0.0,1,8
394,398,1,2,aug,sat,93.7,231.1,715.1,8.4,25.9,32,3.1,0.0,0,8
395,399,9,5,jun,wed,93.3,49.5,297.7,14.0,28.0,34,4.5,0.0,0,6
396,400,9,5,jun,wed,93.3,49.5,297.7,14.0,28.0,34,4.5,0.0,1,6
397,401,3,4,sep,thu,91.1,88.2,731.7,8.3,22.8,46,4.0,0.0,1,9
398,402,9,9,aug,fri,94.8,227.0,706.7,12.0,25.0,36,4.0,0.0,0,8
399,403,8,6,aug,thu,90.7,194.1,643.0,6.8,21.3,41,3.6,0.0,0,8
400,404,2,4,sep,wed,87.9,84.8,725.1,3.7,21.8,34,2.2,0.0,1,9
401,405,2,2,aug,tue,94.6,212.1,680.9,9.5,27.9,27,2.2,0.0,0,8
402,406,6,5,sep,sat,87.1,108.3,860.6,4.0,17.0,67,4.9,0.0,1,9
403,408,4,3,sep,fri,90.3,108.3,855.3,7.4,19.9,44,3.1,0.0,1,9
404,409,1,4,jul,tue,92.3,96.2,450.2,12.1,23.4,31,5.4,0.0,0,7
405,410,6,3,feb,fri,91.6,7.3,52.8,2.7,14.7,42,2.7,0.0,0,2
406,411,7,4,feb,fri,91.6,3.2,43.6,3.3,8.2,53,4.0,0.0,1,2
407,412,9,4,jul,mon,92.3,92.1,442.1,9.8,22.8,27,4.5,0.0,1,7
408,413,7,5,aug,sat,93.7,231.1,715.1,8.4,26.4,33,3.6,0.0,0,8
409,414,5,4,aug,sun,93.6,235.1,723.1,10.1,24.1,50,4.0,0.0,0,8
410,415,8,6,aug,thu,94.8,222.4,698.6,13.9,27.5,27,4.9,0.0,1,8
411,416,6,3,jul,tue,92.7,164.1,575.8,8.9,26.3,39,3.1,0.0,1,7
412,417,6,5,mar,wed,93.4,17.3,28.3,9.9,13.8,24,5.8,0.0,0,3
413,418,2,4,aug,sun,92.0,203.2,664.5,8.1,24.9,42,5.4,0.0,1,8
414,419,2,5,aug,sun,91.6,181.3,613.0,7.6,24.8,36,4.0,0.0,1,8
415,420,8,8,aug,wed,91.7,191.4,635.9,7.8,26.2,36,4.5,0.0,1,8
416,421,2,4,aug,wed,95.2,217.7,690.0,8.4,30.8,19,4.5,0.0,0,8
417,422,8,6,jul,sun,88.9,108.3,795.9,5.2,29.3,27,3.6,0.0,1,7
418,423,1,3,sep,sat,91.2,94.3,744.4,8.4,22.3,48,4.0,0.0,1,9
419,424,8,6,aug,sat,93.7,231.1,715.1,8.4,26.9,31,3.6,0.0,1,8
420,425,2,2,aug,thu,91.6,248.4,753.8,6.3,20.4,56,2.2,0.0,0,8
421,426,8,6,aug,thu,91.6,248.4,753.8,6.3,20.4,56,2.2,0.0,0,8
422,427,2,4,aug,mon,92.1,207.0,672.6,8.2,27.9,33,2.2,0.0,1,8
423,428,1,3,aug,thu,94.8,222.4,698.6,13.9,26.2,34,5.8,0.0,0,8
424,429,3,4,aug,sun,91.6,181.3,613.0,7.6,24.6,44,4.0,0.0,1,8
425,430,7,4,sep,thu,89.7,108.3,849.3,6.8,19.4,45,3.6,0.0,0,9
426,431,1,3,aug,sat,92.1,178.0,605.3,9.6,23.3,40,4.0,0.0,1,8
427,432,8,6,aug,thu,94.8,222.4,698.6,13.9,23.9,38,6.7,0.0,0,8
428,433,2,4,aug,sun,93.6,235.1,723.1,10.1,20.9,66,4.9,0.0,1,8
429,434,1,4,aug,fri,90.6,108.3,811.2,5.5,22.2,45,3.6,0.0,0,8
430,435,2,5,jul,sat,90.8,84.7,376.6,5.6,23.8,51,1.8,0.0,0,7
431,436,8,6,aug,mon,92.1,207.0,672.6,8.2,26.8,35,1.3,0.0,1,8
432,437,8,6,aug,sat,89.4,108.3,768.4,9.7,14.2,73,2.7,0.0,0,8
433,438,2,5,aug,sat,93.7,231.1,715.1,8.4,23.6,53,4.0,0.0,1,8
434,439,1,3,sep,fri,91.1,91.3,738.1,7.2,19.1,46,2.2,0.0,1,9
435,440,5,4,sep,fri,90.3,108.3,855.3,7.4,16.2,58,3.6,0.0,0,9
436,441,8,6,aug,mon,92.1,207.0,672.6,8.2,25.5,29,1.8,0.0,1,8
437,442,6,5,apr,mon,87.9,24.9,41.6,3.7,10.9,64,3.1,0.0,1,4
438,443,1,2,jul,fri,90.7,80.9,368.3,16.8,14.8,78,8.0,0.0,0,7
439,444,2,5,sep,fri,90.3,108.3,855.3,7.4,16.2,58,3.6,0.0,1,9
440,445,5,5,aug,sun,94.0,47.9,100.7,10.7,17.3,80,4.5,0.0,0,8
441,446,6,5,aug,sun,92.0,203.2,664.5,8.1,19.1,70,2.2,0.0,0,8
442,447,3,4,mar,wed,93.4,17.3,28.3,9.9,8.9,35,8.0,0.0,0,3
443,448,7,4,sep,wed,89.7,108.3,844.0,10.1,10.5,77,4.0,0.0,0,9
444,449,7,4,aug,sun,91.6,181.3,613.0,7.6,19.3,61,4.9,0.0,0,8
445,450,4,5,aug,wed,95.2,217.7,690.0,8.4,23.4,49,5.4,0.0,1,8
446,451,1,4,aug,fri,90.5,196.8,649.9,16.3,11.8,42,4.9,0.0,1,8
447,452,7,4,aug,mon,91.5,238.2,730.6,7.5,17.7,65,4.0,0.0,0,8
448,453,4,5,aug,thu,89.4,108.3,803.3,5.6,17.4,54,3.1,0.0,0,8
449,454,3,4,aug,thu,91.6,248.4,753.8,6.3,16.8,56,3.1,0.0,0,8
450,455,3,4,jul,mon,94.6,160.0,567.2,16.7,17.9,48,2.7,0.0,0,7
451,456,2,4,aug,thu,91.6,248.4,753.8,6.3,16.6,59,2.7,0.0,0,8
452,457,1,4,aug,wed,91.7,191.4,635.9,7.8,19.9,50,4.0,0.0,1,8
453,458,8,6,aug,sat,93.7,231.1,715.1,8.4,18.9,64,4.9,0.0,1,8
454,459,7,4,aug,sat,91.6,108.3,819.1,7.7,15.5,72,8.0,0.0,1,8
455,460,2,5,aug,sat,93.7,231.1,715.1,8.4,18.9,64,4.9,0.0,0,8
456,461,8,6,aug,sat,93.7,231.1,715.1,8.4,18.9,64,4.9,0.0,0,8
457,462,1,4,sep,sun,91.0,108.3,825.1,7.1,14.5,76,7.6,0.0,1,9
458,463,6,5,feb,tue,91.6,4.4,16.2,1.9,4.6,82,6.3,0.0,1,2
459,464,6,4,feb,tue,91.6,4.4,16.2,1.9,5.1,77,5.4,0.0,1,2
460,465,2,2,feb,sat,91.6,3.6,15.3,1.8,4.6,59,0.9,0.0,1,2
461,466,6,5,mar,mon,87.2,15.1,36.9,7.1,10.2,45,5.8,0.0,1,3
462,467,3,4,mar,wed,90.2,18.5,41.1,7.3,11.2,41,5.4,0.0,1,3
463,468,6,5,mar,thu,91.3,20.6,43.5,8.5,13.3,27,3.6,0.0,1,3
464,469,6,3,apr,sun,91.0,14.6,25.6,12.3,13.7,33,4.0,0.0,1,4
465,470,5,4,apr,sun,91.0,14.6,25.6,12.3,17.6,27,5.8,0.0,0,4
466,471,4,3,may,fri,89.6,25.4,73.7,5.7,18.0,40,4.0,0.0,1,5
467,472,8,3,jun,mon,88.2,96.2,229.0,4.7,14.3,79,4.0,0.0,1,6
468,473,9,4,jun,sat,90.5,61.1,252.6,9.4,24.5,50,3.1,0.0,1,6
469,474,4,3,jun,thu,93.0,103.8,316.7,10.8,26.4,35,2.7,0.0,1,6
470,475,2,5,jun,thu,93.7,121.7,350.2,8.4,22.7,40,4.0,0.0,1,6
471,476,4,3,jul,thu,93.5,85.3,395.0,9.9,27.2,28,1.3,0.0,1,7
472,477,4,3,jul,sun,93.7,101.3,423.4,14.7,26.1,45,4.0,0.0,1,7
473,478,7,4,jul,sun,93.7,101.3,423.4,14.7,18.2,82,4.5,0.0,1,7
474,479,7,4,jul,mon,89.2,103.9,431.6,6.4,22.6,57,4.9,0.0,1,7
475,480,9,9,jul,thu,93.2,114.4,560.0,9.5,30.2,25,4.5,0.0,1,7
476,481,4,3,jul,thu,93.2,114.4,560.0,9.5,30.2,22,4.9,0.0,0,7
477,482,3,4,aug,sun,94.9,130.3,587.1,14.1,23.4,40,5.8,0.0,1,8
478,483,8,6,aug,sun,94.9,130.3,587.1,14.1,31.0,27,5.4,0.0,0,8
479,484,2,5,aug,sun,94.9,130.3,587.1,14.1,33.1,25,4.0,0.0,1,8
480,485,2,4,aug,mon,95.0,135.5,596.3,8.4,30.6,28,3.6,0.0,1,8
481,486,5,4,aug,tue,95.1,141.3,605.8,8.4,24.1,43,6.3,0.0,1,8
482,487,5,4,aug,tue,95.1,141.3,605.8,8.4,26.4,34,3.6,0.0,1,8
483,488,4,4,aug,tue,95.1,141.3,605.8,8.4,19.4,71,7.6,0.0,1,8
484,489,4,4,aug,wed,95.1,141.3,605.8,8.4,20.6,58,1.3,0.0,0,8
485,490,4,4,aug,wed,95.1,141.3,605.8,8.4,28.7,33,4.0,0.0,0,8
486,491,4,4,aug,thu,95.8,152.0,624.1,13.8,32.4,21,4.5,0.0,0,8
487,492,1,3,aug,fri,95.9,158.0,633.6,11.3,32.4,27,2.2,0.0,0,8
488,493,1,3,aug,fri,95.9,158.0,633.6,11.3,27.5,29,4.5,0.0,1,8
489,494,6,6,aug,sat,96.0,164.0,643.0,14.0,30.8,30,4.9,0.0,1,8
490,495,6,6,aug,mon,96.2,175.5,661.8,16.8,23.9,42,2.2,0.0,0,8
491,496,4,5,aug,mon,96.2,175.5,661.8,16.8,32.6,26,3.1,0.0,1,8
492,497,3,4,aug,tue,96.1,181.1,671.2,14.3,32.3,27,2.2,0.0,1,8
493,498,6,5,aug,tue,96.1,181.1,671.2,14.3,33.3,26,2.7,0.0,1,8
494,499,7,5,aug,tue,96.1,181.1,671.2,14.3,27.3,63,4.9,6.4,1,8
495,500,8,6,aug,tue,96.1,181.1,671.2,14.3,21.6,65,4.9,0.8,0,8
496,501,7,5,aug,tue,96.1,181.1,671.2,14.3,21.6,65,4.9,0.8,0,8
497,502,4,4,aug,tue,96.1,181.1,671.2,14.3,20.7,69,4.9,0.4,0,8
498,503,2,4,aug,wed,94.5,139.4,689.1,8.4,29.2,30,4.9,0.0,1,8
499,504,4,3,aug,wed,94.5,139.4,689.1,8.4,28.9,29,4.9,0.0,1,8
500,505,1,2,aug,thu,91.0,163.2,744.4,10.1,26.7,35,1.8,0.0,1,8
501,506,1,2,aug,fri,91.0,166.9,752.6,7.1,18.5,73,4.0,0.0,0,8
502,507,2,4,aug,fri,91.0,166.9,752.6,7.1,25.9,41,3.6,0.0,0,8
503,508,1,2,aug,fri,91.0,166.9,752.6,7.1,25.9,41,3.6,0.0,0,8
504,509,5,4,aug,fri,91.0,166.9,752.6,7.1,21.1,71,7.6,1.4,1,8
505,510,6,5,aug,fri,91.0,166.9,752.6,7.1,18.2,62,5.4,0.0,1,8
506,511,8,6,aug,sun,91.6,56.7,665.6,1.9,27.8,35,2.7,0.0,0,8
507,512,4,3,aug,sun,91.6,56.7,665.6,1.9,27.8,32,2.7,0.0,1,8
508,513,2,4,aug,sun,91.6,56.7,665.6,1.9,21.9,71,5.8,0.0,1,8
509,514,7,4,aug,sun,91.6,56.7,665.6,1.9,21.2,70,6.7,0.0,1,8
510,515,1,4,aug,sat,94.4,146.0,614.7,11.3,25.6,42,4.0,0.0,0,8
511,516,6,3,nov,tue,91.6,3.0,106.7,1.1,11.8,31,4.5,0.0,0,11
512,0,7,5,mar,fri,86.2,26.2,94.3,5.1,8.2,51,6.7,0.0,0,3
513,1,7,4,oct,tue,90.6,35.4,669.1,6.7,18.0,33,0.9,0.0,0,10
514,2,7,4,oct,sat,90.6,43.7,686.9,6.7,14.6,33,1.3,0.0,0,10
515,3,8,6,mar,fri,91.7,33.3,77.5,9.0,8.3,42,4.0,0.2,0,3
516,4,8,6,mar,sun,89.3,51.3,102.2,9.6,11.4,42,1.8,0.0,0,3
517,5,8,6,aug,sun,92.3,85.3,488.0,14.7,22.2,29,5.4,0.0,0,8
518,6,8,6,aug,mon,92.3,88.9,495.6,8.5,24.1,27,3.1,0.0,0,8
519,7,8,6,aug,mon,91.5,145.4,608.2,10.7,8.0,42,2.2,0.0,0,8
520,8,8,6,sep,tue,91.0,129.5,692.6,7.0,13.1,63,5.4,0.0,0,9
521,9,7,5,sep,sat,92.5,88.0,698.6,7.1,22.8,40,4.0,0.0,0,9
522,10,7,5,sep,sat,92.5,88.0,698.6,7.1,17.8,51,7.2,0.0,0,9
523,11,7,5,sep,sat,92.8,73.2,713.0,8.4,19.3,38,4.0,0.0,0,9
524,12,6,5,aug,fri,91.6,70.8,665.3,0.8,17.0,72,6.7,0.0,0,8
525,13,6,5,sep,mon,90.9,126.5,686.5,7.0,21.3,42,2.2,0.0,0,9
526,14,6,5,sep,wed,92.9,133.3,699.6,9.2,26.4,21,4.5,0.0,0,9
527,15,6,5,sep,fri,93.3,141.2,713.9,13.9,22.9,44,5.4,0.0,0,9
528,16,5,5,mar,sat,91.7,35.8,80.8,7.8,15.1,27,5.4,0.0,0,3
529,17,8,5,oct,mon,91.6,32.8,664.2,3.0,16.7,47,4.9,0.0,0,10
530,18,6,4,mar,wed,89.2,27.9,70.8,6.3,15.9,35,4.0,0.0,0,3
531,19,6,4,apr,sat,86.3,27.4,97.1,5.1,9.3,44,4.5,0.0,0,4
532,20,6,4,sep,tue,91.0,129.5,692.6,7.0,18.3,40,2.7,0.0,0,9
533,21,5,4,sep,mon,91.8,78.5,724.3,9.2,19.1,38,2.7,0.0,0,9
534,22,7,4,jun,sun,94.3,96.3,200.0,8.4,21.0,44,4.5,0.0,0,6
535,23,7,4,aug,sat,90.2,110.9,537.4,6.2,19.5,43,5.8,0.0,0,8
536,24,7,4,aug,sat,93.5,139.4,594.2,8.4,23.7,32,5.8,0.0,0,8
537,25,7,4,aug,sun,91.4,142.4,601.4,10.6,16.3,60,5.4,0.0,0,8
538,26,7,4,sep,fri,92.4,117.9,668.0,12.2,19.0,34,5.8,0.0,0,9
539,27,7,4,sep,mon,90.9,126.5,686.5,7.0,19.4,48,1.3,0.0,0,9
540,28,6,3,sep,sat,93.4,145.4,721.4,8.1,30.2,24,2.7,0.0,0,9
541,29,6,3,sep,sun,93.5,149.3,728.6,8.1,22.8,39,3.6,0.0,0,9
542,30,6,3,sep,fri,94.3,85.1,692.3,15.9,25.4,24,3.6,0.0,0,9
543,31,6,3,sep,mon,88.6,91.8,709.9,7.1,11.2,78,7.6,0.0,0,9
544,32,6,3,sep,fri,88.6,69.7,706.8,5.8,20.6,37,1.8,0.0,0,9
545,33,6,3,sep,sun,91.7,75.6,718.3,7.8,17.7,39,3.6,0.0,0,9
546,34,6,3,sep,mon,91.8,78.5,724.3,9.2,21.2,32,2.7,0.0,0,9
547,35,6,3,sep,tue,90.3,80.7,730.2,6.3,18.2,62,4.5,0.0,0,9
548,36,6,3,oct,tue,90.6,35.4,669.1,6.7,21.7,24,4.5,0.0,0,10
549,37,7,4,oct,fri,90.0,41.5,682.6,8.7,11.3,60,5.4,0.0,0,10
550,38,7,3,oct,sat,90.6,43.7,686.9,6.7,17.8,27,4.0,0.0,0,10
551,39,4,4,mar,tue,88.1,25.7,67.6,3.8,14.1,43,2.7,0.0,0,3
552,40,4,4,jul,tue,91.6,60.6,366.7,1.5,23.3,37,3.1,0.0,0,7
553,41,4,4,aug,sat,90.2,96.9,624.2,8.9,18.4,42,6.7,0.0,0,8
554,42,4,4,aug,tue,94.8,108.3,647.1,17.0,16.6,54,5.4,0.0,0,8
555,43,4,4,sep,sat,92.5,88.0,698.6,7.1,19.6,48,2.7,0.0,0,9
556,44,4,4,sep,wed,90.1,82.9,735.7,6.2,12.9,74,4.9,0.0,0,9
557,45,5,6,sep,wed,94.3,85.1,692.3,15.9,25.9,24,4.0,0.0,0,9
558,46,5,6,sep,mon,90.9,126.5,686.5,7.0,14.7,70,3.6,0.0,0,9
559,47,6,6,jul,mon,94.2,62.3,442.9,11.0,23.0,36,3.1,0.0,0,7
560,48,4,4,mar,mon,87.2,23.9,64.7,4.1,11.8,35,1.8,0.0,0,3
561,49,4,4,mar,mon,87.6,52.2,103.8,5.0,11.0,46,5.8,0.0,0,3
562,50,4,4,sep,thu,92.9,137.0,706.4,9.2,20.8,17,1.3,0.0,0,9
563,51,4,3,aug,sun,90.2,99.6,631.2,6.3,21.5,34,2.2,0.0,0,8
564,52,4,3,aug,wed,92.1,111.2,654.1,9.6,20.4,42,4.9,0.0,0,8
565,53,4,3,aug,wed,92.1,111.2,654.1,9.6,20.4,42,4.9,0.0,0,8
566,54,4,3,aug,thu,91.7,114.3,661.3,6.3,17.6,45,3.6,0.0,0,8
567,55,4,3,sep,thu,92.9,137.0,706.4,9.2,27.7,24,2.2,0.0,0,9
568,56,4,3,sep,tue,90.3,80.7,730.2,6.3,17.8,63,4.9,0.0,0,9
569,57,4,3,oct,sun,92.6,46.5,691.8,8.8,13.8,50,2.7,0.0,0,10
570,58,2,2,feb,mon,91.6,9.3,34.0,2.1,13.9,40,5.4,0.0,0,2
571,59,2,2,feb,fri,86.6,13.2,43.0,5.3,12.3,51,0.9,0.0,0,2
572,60,2,2,mar,sun,89.3,51.3,102.2,9.6,11.5,39,5.8,0.0,0,3
573,61,2,2,mar,sun,89.3,51.3,102.2,9.6,5.5,59,6.3,0.0,0,3
574,62,2,2,aug,thu,93.0,75.3,466.6,7.7,18.8,35,4.9,0.0,0,8
575,63,2,2,aug,sun,90.2,99.6,631.2,6.3,20.8,33,2.7,0.0,0,8
576,64,2,2,aug,mon,91.1,103.2,638.8,5.8,23.1,31,3.1,0.0,0,8
577,65,2,2,aug,thu,91.7,114.3,661.3,6.3,18.6,44,4.5,0.0,0,8
578,66,2,2,sep,fri,92.4,117.9,668.0,12.2,23.0,37,4.5,0.0,0,9
579,67,2,2,sep,fri,92.4,117.9,668.0,12.2,19.6,33,5.4,0.0,0,9
580,68,2,2,sep,fri,92.4,117.9,668.0,12.2,19.6,33,6.3,0.0,0,9
581,69,4,5,mar,fri,91.7,33.3,77.5,9.0,17.2,26,4.5,0.0,0,3
582,70,4,5,mar,fri,91.2,48.3,97.8,12.5,15.8,27,7.6,0.0,0,3
583,71,4,5,sep,fri,94.3,85.1,692.3,15.9,17.7,37,3.6,0.0,0,9
584,72,5,4,mar,fri,91.7,33.3,77.5,9.0,15.6,25,6.3,0.0,0,3
585,73,5,4,aug,tue,88.8,147.3,614.5,9.0,17.3,43,4.5,0.0,0,8
586,74,5,4,sep,fri,93.3,141.2,713.9,13.9,27.6,30,1.3,0.0,0,9
587,75,9,9,feb,thu,91.6,6.8,26.6,7.7,6.7,79,3.1,0.0,0,2
588,76,9,9,feb,fri,86.6,13.2,43.0,5.3,15.7,43,3.1,0.0,0,2
589,77,1,3,mar,mon,87.6,52.2,103.8,5.0,8.3,72,3.1,0.0,0,3
590,78,1,2,aug,fri,90.1,108.0,529.8,12.5,14.7,66,2.7,0.0,0,8
591,79,1,2,aug,tue,91.0,121.2,561.6,7.0,21.6,19,6.7,0.0,0,8
592,80,1,2,aug,sun,91.4,142.4,601.4,10.6,19.5,39,6.3,0.0,0,8
593,81,1,2,aug,sun,90.2,99.6,631.2,6.3,17.9,44,2.2,0.0,0,8
594,82,1,2,aug,tue,94.8,108.3,647.1,17.0,18.6,51,4.5,0.0,0,8
595,83,1,2,aug,wed,92.1,111.2,654.1,9.6,16.6,47,0.9,0.0,0,8
596,84,1,2,aug,thu,91.7,114.3,661.3,6.3,20.2,45,3.6,0.0,0,8
597,85,1,2,sep,thu,92.9,137.0,706.4,9.2,21.5,15,0.9,0.0,0,9
598,86,1,2,sep,thu,92.9,137.0,706.4,9.2,25.4,27,2.2,0.0,0,9
599,87,1,2,sep,thu,92.9,137.0,706.4,9.2,22.4,34,2.2,0.0,0,9
600,88,1,2,sep,sun,93.5,149.3,728.6,8.1,25.3,36,3.6,0.0,0,9
601,89,6,5,mar,sat,91.7,35.8,80.8,7.8,17.4,25,4.9,0.0,0,3
602,90,6,5,aug,sat,90.2,96.9,624.2,8.9,14.7,59,5.8,0.0,0,8
603,91,8,6,mar,fri,91.7,35.8,80.8,7.8,17.4,24,5.4,0.0,0,3
604,92,8,6,aug,sun,92.3,85.3,488.0,14.7,20.8,32,6.3,0.0,0,8
605,93,8,6,aug,sun,91.4,142.4,601.4,10.6,18.2,43,4.9,0.0,0,8
606,94,8,6,aug,mon,91.1,103.2,638.8,5.8,23.4,22,2.7,0.0,0,8
607,95,4,4,sep,sun,89.7,90.0,704.4,4.8,17.8,64,1.3,0.0,0,9
608,96,3,4,feb,sat,91.6,8.0,30.2,2.6,12.7,48,1.8,0.0,0,2
609,97,3,4,mar,sat,91.6,2.4,15.5,0.7,17.4,24,5.4,0.0,0,3
610,98,3,4,aug,sun,91.4,142.4,601.4,10.6,11.6,42,4.5,0.0,0,8
611,99,3,4,aug,sun,91.4,142.4,601.4,10.6,19.8,39,5.4,0.0,0,8
612,100,3,4,aug,sun,91.4,142.4,601.4,10.6,19.8,39,5.4,0.0,0,8
613,101,3,4,aug,tue,88.8,147.3,614.5,9.0,14.4,66,5.4,0.0,0,8
614,102,2,4,aug,tue,94.8,108.3,647.1,17.0,20.1,40,4.0,0.0,0,8
615,103,2,4,sep,sat,92.5,121.1,674.4,8.6,24.1,29,4.5,0.0,0,9
616,104,2,4,jan,sat,91.6,3.7,9.3,2.9,5.3,78,3.1,0.0,0,1
617,105,4,5,mar,fri,91.6,19.5,57.3,2.8,12.7,52,6.3,0.0,0,3
618,106,4,5,mar,thu,91.4,30.7,74.3,7.5,18.2,29,3.1,0.0,0,3
619,107,4,5,aug,sun,90.2,99.6,631.2,6.3,21.4,33,3.1,0.0,0,8
620,108,4,5,sep,sat,92.5,88.0,698.6,7.1,20.3,45,3.1,0.0,0,9
621,109,4,5,sep,mon,88.6,91.8,709.9,7.1,17.4,56,5.4,0.0,0,9
622,110,4,4,mar,fri,91.6,19.5,57.3,2.8,13.7,43,5.8,0.0,0,3
623,111,3,4,mar,fri,91.7,33.3,77.5,9.0,18.8,18,4.5,0.0,0,3
624,112,3,4,sep,sun,89.7,90.0,704.4,4.8,22.8,39,3.6,0.0,0,9
625,113,3,4,sep,mon,91.8,78.5,724.3,9.2,18.9,35,2.7,0.0,0,9
626,114,3,4,mar,tue,88.1,25.7,67.6,3.8,15.8,27,7.6,0.0,0,3
627,115,3,5,mar,tue,88.1,25.7,67.6,3.8,15.5,27,6.3,0.0,0,3
628,116,3,4,mar,sat,91.7,35.8,80.8,7.8,11.6,30,6.3,0.0,0,3
629,117,3,4,mar,sat,91.7,35.8,80.8,7.8,15.2,27,4.9,0.0,0,3
630,118,3,4,mar,mon,90.1,39.7,86.6,6.2,10.6,30,4.0,0.0,0,3
631,119,3,4,aug,thu,93.0,75.3,466.6,7.7,19.6,36,3.1,0.0,0,8
632,120,3,4,aug,mon,91.5,145.4,608.2,10.7,10.3,74,2.2,0.0,0,8
633,121,3,4,aug,mon,91.5,145.4,608.2,10.7,17.1,43,5.4,0.0,0,8
634,122,3,4,sep,sun,92.4,124.1,680.7,8.5,22.5,42,5.4,0.0,0,9
635,123,3,4,sep,tue,91.6,73.4,671.9,3.2,17.9,45,3.1,0.0,0,9
636,124,3,4,sep,fri,94.3,85.1,692.3,15.9,19.8,50,5.4,0.0,0,9
637,125,3,4,oct,sun,92.6,46.5,691.8,8.8,20.6,24,5.4,0.0,0,10
638,126,3,5,mar,mon,87.6,52.2,103.8,5.0,9.0,49,2.2,0.0,0,3
639,127,3,5,sep,fri,93.5,149.3,728.6,8.1,17.2,43,3.1,0.0,0,9
640,128,3,5,oct,wed,91.4,37.9,673.8,5.2,15.9,46,3.6,0.0,0,10
641,129,2,5,oct,sun,92.6,46.5,691.8,8.8,15.4,35,0.9,0.0,0,10
642,130,4,6,feb,sat,91.6,21.5,87.2,0.8,15.4,40,2.7,0.0,0,2
643,131,4,6,mar,mon,87.2,23.9,64.7,4.1,14.0,39,3.1,0.0,0,3
644,132,4,6,mar,sun,89.3,51.3,102.2,9.6,10.6,46,4.9,0.0,0,3
645,133,4,6,sep,thu,93.7,80.9,685.2,8.4,17.6,42,3.1,0.0,0,9
646,134,3,5,mar,tue,88.1,25.7,67.6,3.8,14.9,38,2.7,0.0,0,3
647,135,3,5,aug,sat,93.5,139.4,594.2,8.4,17.6,52,5.8,0.0,0,8
648,136,3,6,sep,sun,92.4,124.1,680.7,8.5,17.2,58,1.3,0.0,0,9
649,137,3,6,sep,mon,90.9,126.5,686.5,7.0,15.6,66,3.1,0.0,0,9
650,138,9,9,jul,tue,91.6,48.3,313.4,3.9,18.0,42,2.7,0.0,1,7
651,139,1,4,sep,tue,91.0,129.5,692.6,7.0,21.7,38,2.2,0.0,1,9
652,140,2,5,sep,mon,90.9,126.5,686.5,7.0,21.9,39,1.8,0.0,1,9
653,141,1,2,aug,wed,95.5,99.9,513.3,13.2,23.3,31,4.5,0.0,1,8
654,142,8,6,aug,fri,90.1,108.0,529.8,12.5,21.2,51,4.0,0.0,1,8
655,143,1,2,jul,sat,90.0,51.3,296.3,8.7,16.6,53,5.4,0.0,1,7
656,144,2,5,aug,wed,95.5,99.9,513.3,13.2,23.8,32,5.4,0.0,1,8
657,145,6,5,aug,thu,95.2,131.7,578.8,10.4,27.4,22,4.0,0.0,1,8
658,146,5,4,mar,mon,90.1,39.7,86.6,6.2,13.2,40,5.4,0.0,1,3
659,147,8,3,sep,tue,91.6,73.4,671.9,3.2,24.2,28,3.6,0.0,1,9
660,148,2,2,aug,tue,94.8,108.3,647.1,17.0,17.4,43,6.7,0.0,1,8
661,149,8,6,sep,thu,93.7,80.9,685.2,8.4,23.7,25,4.5,0.0,1,9
662,150,6,5,jun,fri,92.5,56.4,433.3,7.1,23.2,39,5.4,0.0,1,6
663,151,9,9,jul,sun,90.1,68.6,355.2,7.2,24.8,29,2.2,0.0,1,7
664,152,3,4,jul,sat,90.1,51.2,424.1,6.2,24.6,43,1.8,0.0,1,7
665,153,5,4,sep,fri,94.3,85.1,692.3,15.9,20.1,47,4.9,0.0,1,9
666,154,1,5,sep,sat,93.4,145.4,721.4,8.1,29.6,27,2.7,0.0,1,9
667,155,7,4,aug,sun,94.8,108.3,647.1,17.0,16.4,47,1.3,0.0,1,8
668,156,2,4,sep,sat,93.4,145.4,721.4,8.1,28.6,27,2.2,0.0,1,9
669,157,2,2,aug,wed,92.1,111.2,654.1,9.6,18.4,45,3.6,0.0,1,8
670,158,2,4,aug,wed,92.1,111.2,654.1,9.6,20.5,35,4.0,0.0,1,8
671,159,7,4,sep,fri,92.4,117.9,668.0,12.2,19.0,34,5.8,0.0,1,9
672,160,7,4,mar,mon,90.1,39.7,86.6,6.2,16.1,29,3.1,0.0,1,3
673,161,6,4,aug,thu,95.2,131.7,578.8,10.4,20.3,41,4.0,0.0,1,8
674,162,6,3,mar,sat,90.6,50.1,100.4,7.8,15.2,31,4.0,0.0,1,3
675,163,8,6,sep,sat,92.5,121.1,674.4,8.6,17.8,56,1.8,0.0,1,9
676,164,8,5,sep,sun,89.7,90.0,704.4,4.8,17.8,67,2.2,0.0,1,9
677,165,6,5,mar,thu,91.6,18.2,55.0,3.0,5.3,70,4.5,0.0,1,3
678,166,6,5,aug,wed,92.1,111.2,654.1,9.6,16.6,47,0.9,0.0,1,8
679,167,6,5,aug,wed,96.0,127.1,570.5,16.5,23.4,33,4.5,0.0,1,8
680,168,6,5,mar,fri,91.2,48.3,97.8,12.5,14.6,26,4.0,0.0,1,3
681,169,8,6,aug,thu,95.2,131.7,578.8,10.4,20.7,45,2.2,0.0,1,8
682,170,5,4,sep,wed,92.9,133.3,699.6,9.2,21.9,35,1.8,0.0,1,9
683,171,8,6,aug,wed,91.6,90.4,609.6,6.6,17.4,50,4.0,0.0,1,8
684,172,7,4,aug,sun,91.4,142.4,601.4,10.6,20.1,39,5.4,0.0,1,8
685,173,4,4,sep,mon,90.9,126.5,686.5,7.0,17.7,39,2.2,0.0,1,9
686,174,1,4,aug,sat,90.2,96.9,624.2,8.9,14.2,53,1.8,0.0,1,8
687,175,1,4,aug,sat,90.2,96.9,624.2,8.9,20.3,39,4.9,0.0,1,8
688,176,6,5,apr,thu,91.6,9.1,55.2,2.7,5.8,54,5.8,0.0,1,4
689,177,2,5,aug,sun,90.2,99.6,631.2,6.3,19.2,44,2.7,0.0,1,8
690,178,2,5,sep,wed,90.1,82.9,735.7,6.2,18.3,45,2.2,0.0,1,9
691,179,8,6,aug,tue,88.8,147.3,614.5,9.0,14.4,66,5.4,0.0,1,8
692,180,1,3,sep,sun,92.4,124.1,680.7,8.5,23.9,32,6.7,0.0,1,9
693,181,8,6,oct,mon,91.6,32.8,664.2,3.0,19.1,32,4.0,0.0,1,10
694,182,5,4,feb,sun,86.8,15.6,48.3,3.9,12.4,53,2.2,0.0,1,2
695,183,7,4,oct,mon,91.7,48.5,696.1,11.1,16.8,45,4.5,0.0,1,10
696,184,8,6,aug,fri,93.9,135.7,586.7,15.1,20.8,34,4.9,0.0,1,8
697,185,2,5,sep,tue,91.0,129.5,692.6,7.0,17.6,46,3.1,0.0,1,9
698,186,8,6,mar,sun,89.3,51.3,102.2,9.6,11.5,39,5.8,0.0,1,3
699,187,1,5,sep,mon,90.9,126.5,686.5,7.0,21.0,42,2.2,0.0,1,9
700,188,6,4,mar,sat,90.8,41.9,89.4,7.9,13.3,42,0.9,0.0,1,3
701,189,7,4,mar,sun,90.7,44.0,92.4,5.5,11.5,60,4.0,0.0,1,3
702,190,6,5,mar,fri,91.2,48.3,97.8,12.5,11.7,33,4.0,0.0,1,3
703,191,2,5,aug,thu,95.2,131.7,578.8,10.4,24.2,28,2.7,0.0,1,8
704,192,2,2,aug,tue,94.8,108.3,647.1,17.0,24.6,22,4.5,0.0,1,8
705,193,4,5,sep,wed,92.9,133.3,699.6,9.2,24.3,25,4.0,0.0,1,9
706,194,2,2,aug,tue,94.8,108.3,647.1,17.0,24.6,22,4.5,0.0,1,8
707,195,2,5,aug,fri,93.9,135.7,586.7,15.1,23.5,36,5.4,0.0,1,8
708,196,6,5,apr,thu,91.6,9.1,55.2,2.7,5.8,54,5.8,0.0,1,4
709,197,4,5,sep,thu,92.9,137.0,706.4,9.2,21.5,15,0.9,0.0,1,9
710,198,3,4,sep,tue,91.0,129.5,692.6,7.0,13.9,59,6.3,0.0,1,9
711,199,2,4,sep,mon,91.6,70.8,665.3,0.8,22.6,38,3.6,0.0,1,9
712,200,1,5,sep,tue,91.0,129.5,692.6,7.0,21.6,33,2.2,0.0,1,9
713,201,6,5,mar,sun,90.1,37.6,83.7,7.2,12.4,54,3.6,0.0,1,3
714,202,7,4,feb,sun,91.6,8.7,32.1,2.1,8.8,68,2.2,0.0,1,2
715,203,8,6,oct,wed,91.4,37.9,673.8,5.2,20.2,37,2.7,0.0,1,10
716,204,5,6,mar,sat,90.6,50.1,100.4,7.8,15.1,64,4.0,0.0,1,3
717,205,4,5,sep,thu,92.9,137.0,706.4,9.2,22.1,34,1.8,0.0,1,9
718,206,2,2,aug,sat,93.5,139.4,594.2,8.4,22.9,31,7.2,0.0,1,8
719,207,7,5,sep,tue,91.0,129.5,692.6,7.0,20.7,37,2.2,0.0,1,9
720,208,6,5,sep,fri,92.4,117.9,668.0,12.2,19.6,33,6.3,0.0,1,9
721,209,8,3,sep,thu,93.7,80.9,685.2,8.4,23.2,26,4.9,0.0,1,9
722,210,4,4,oct,sat,90.6,43.7,686.9,6.7,18.4,25,3.1,0.0,1,10
723,211,7,4,aug,sat,93.5,139.4,594.2,8.4,5.1,42,5.8,0.0,1,8
724,212,7,4,sep,fri,94.3,85.1,692.3,15.9,20.1,47,4.9,0.0,1,9
725,213,7,3,mar,mon,87.6,52.2,103.8,5.0,11.0,46,5.8,0.0,1,3
726,214,4,4,mar,sat,91.7,35.8,80.8,7.8,17.0,27,4.9,0.0,1,3
727,215,4,4,mar,sat,91.7,35.8,80.8,7.8,17.0,27,4.9,0.0,1,3
728,216,4,4,sep,sun,92.4,124.1,680.7,8.5,16.9,60,1.3,0.0,1,9
729,217,1,3,sep,mon,88.6,91.8,709.9,7.1,12.4,73,6.3,0.0,1,9
730,218,4,5,sep,wed,92.9,133.3,699.6,9.2,19.4,19,1.3,0.0,1,9
731,219,6,5,mar,mon,90.1,39.7,86.6,6.2,15.2,27,3.1,0.0,1,3
732,220,8,6,aug,sun,90.2,99.6,631.2,6.3,16.2,59,3.1,0.0,1,8
733,221,3,4,sep,fri,93.3,141.2,713.9,13.9,18.6,49,3.6,0.0,1,9
734,222,4,3,mar,mon,87.6,52.2,103.8,5.0,11.0,46,5.8,0.0,1,3
735,223,2,2,jul,fri,88.3,150.3,309.9,6.8,13.4,79,3.6,0.0,1,7
736,224,7,4,sep,wed,90.1,82.9,735.7,6.2,15.4,57,4.5,0.0,1,9
737,225,4,4,sep,sun,93.5,149.3,728.6,8.1,22.9,39,4.9,0.0,1,9
738,226,7,5,oct,mon,91.7,48.5,696.1,11.1,16.1,44,4.0,0.0,1,10
739,227,8,6,aug,sat,92.2,81.8,480.8,11.9,20.1,34,4.5,0.0,1,8
740,228,4,6,sep,sun,93.5,149.3,728.6,8.1,28.3,26,3.1,0.0,1,9
741,229,8,6,aug,sat,92.2,81.8,480.8,11.9,16.4,43,4.0,0.0,1,8
742,230,4,4,sep,wed,92.9,133.3,699.6,9.2,26.4,21,4.5,0.0,1,9
743,231,1,5,sep,sun,93.5,149.3,728.6,8.1,27.8,27,3.1,0.0,1,9
744,232,6,4,sep,tue,91.0,129.5,692.6,7.0,18.7,43,2.7,0.0,1,9
745,233,9,4,sep,tue,91.6,73.4,671.9,3.2,24.3,36,3.1,0.0,1,9
746,234,4,5,sep,sat,92.5,121.1,674.4,8.6,17.7,25,3.1,0.0,1,9
747,235,8,6,aug,sun,91.4,142.4,601.4,10.6,19.6,41,5.8,0.0,1,8
748,236,2,2,sep,sat,92.5,121.1,674.4,8.6,18.2,46,1.8,0.0,1,9
749,237,1,2,sep,tue,91.0,129.5,692.6,7.0,18.8,40,2.2,0.0,1,9
750,238,6,5,sep,sat,92.5,121.1,674.4,8.6,25.1,27,4.0,0.0,1,9
751,239,7,5,apr,sun,91.6,3.0,7.9,3.5,13.4,75,1.8,0.0,0,4
752,240,6,3,apr,wed,88.0,17.2,43.5,3.8,15.2,51,2.7,0.0,0,4
753,241,4,4,apr,fri,91.6,23.3,85.3,2.3,16.7,20,3.1,0.0,0,4
754,242,2,4,aug,sun,94.2,122.3,589.9,12.9,15.4,66,4.0,0.0,1,8
755,243,7,4,aug,sun,91.8,175.1,700.7,13.8,21.9,73,7.6,1.0,0,8
756,244,2,4,aug,sun,91.8,175.1,700.7,13.8,22.4,54,7.6,0.0,1,8
757,245,3,4,aug,sun,91.8,175.1,700.7,13.8,26.8,38,6.3,0.0,1,8
758,246,5,4,aug,sun,91.8,175.1,700.7,13.8,25.7,39,5.4,0.0,1,8
759,247,2,4,aug,wed,92.2,91.6,503.6,9.6,20.7,70,2.2,0.0,1,8
760,248,8,6,aug,wed,93.1,157.3,666.7,13.5,28.7,28,2.7,0.0,0,8
761,249,3,4,aug,wed,93.1,157.3,666.7,13.5,21.7,40,0.4,0.0,1,8
762,250,8,5,aug,wed,93.1,157.3,666.7,13.5,26.8,25,3.1,0.0,1,8
763,251,8,5,aug,wed,93.1,157.3,666.7,13.5,24.0,36,3.1,0.0,1,8
764,252,6,5,aug,wed,93.1,157.3,666.7,13.5,22.1,37,3.6,0.0,1,8
765,253,7,4,aug,thu,91.9,109.2,565.5,8.0,21.4,38,2.7,0.0,1,8
766,254,6,3,aug,thu,91.6,138.1,621.7,6.3,18.9,41,3.1,0.0,1,8
767,255,2,5,aug,thu,87.5,77.0,694.8,5.0,22.3,46,4.0,0.0,0,8
768,256,8,6,aug,sat,94.2,117.2,581.1,11.0,23.9,41,2.2,0.0,1,8
769,257,4,3,aug,sat,94.2,117.2,581.1,11.0,21.4,44,2.7,0.0,1,8
770,258,3,4,aug,sat,91.8,170.9,692.3,13.7,20.6,59,0.9,0.0,0,8
771,259,7,4,aug,sat,91.8,170.9,692.3,13.7,23.7,40,1.8,0.0,1,8
772,260,2,4,aug,mon,93.6,97.9,542.0,14.4,28.3,32,4.0,0.0,1,8
773,261,3,4,aug,fri,91.6,112.4,573.0,8.9,11.2,42,7.6,0.0,1,8
774,262,2,4,aug,fri,91.6,112.4,573.0,8.9,21.4,42,3.1,0.0,1,8
775,263,6,3,aug,fri,91.1,141.1,629.1,7.1,19.3,39,3.6,0.0,1,8
776,264,4,4,aug,fri,94.3,167.6,684.4,13.0,21.8,53,3.1,0.0,1,8
777,265,4,4,aug,tue,93.7,102.2,550.3,14.6,22.1,54,7.6,0.0,1,8
778,266,6,5,aug,tue,94.3,131.7,607.1,8.4,19.4,55,4.0,0.0,1,8
779,267,2,2,aug,tue,92.1,152.6,658.2,14.3,23.7,24,3.1,0.0,0,8
780,268,3,4,aug,tue,92.1,152.6,658.2,14.3,21.0,32,3.1,0.0,0,8
781,269,4,4,aug,tue,92.1,152.6,658.2,14.3,19.1,53,2.7,0.0,1,8
782,270,2,2,aug,tue,92.1,152.6,658.2,14.3,21.8,56,3.1,0.0,1,8
783,271,8,6,aug,tue,92.1,152.6,658.2,14.3,20.1,58,4.5,0.0,1,8
784,272,2,5,aug,tue,92.1,152.6,658.2,14.3,20.2,47,4.0,0.0,1,8
785,273,4,6,dec,sun,91.6,27.2,353.5,6.8,4.8,57,4.0,0.0,1,12
786,274,8,6,dec,wed,91.6,27.8,354.6,5.3,5.1,61,8.0,0.0,1,12
787,275,4,6,dec,thu,91.6,26.4,352.0,2.0,5.1,61,4.9,0.0,1,12
788,276,4,4,dec,mon,91.6,25.4,349.7,2.6,4.6,21,4.0,0.0,1,12
789,277,3,4,dec,mon,91.6,25.4,349.7,2.6,4.6,21,4.0,0.0,1,12
790,278,4,4,dec,mon,91.6,25.4,349.7,2.6,4.6,21,4.0,0.0,1,12
791,279,4,4,dec,mon,91.6,25.4,349.7,2.6,4.6,21,4.0,0.0,1,12
792,280,4,6,dec,fri,91.6,26.7,352.6,4.1,2.2,59,4.9,0.0,1,12
793,281,6,5,dec,tue,91.6,25.4,349.7,2.6,5.1,24,4.0,0.0,1,12
794,282,6,3,feb,sun,91.6,27.5,353.5,3.4,4.2,51,4.0,0.0,0,2
795,283,3,4,feb,wed,86.9,6.6,18.7,3.2,8.8,35,3.1,0.0,1,2
796,284,5,4,feb,fri,91.6,4.9,15.8,6.3,7.5,46,8.0,0.0,1,2
797,285,2,5,jul,sun,93.9,169.7,411.8,12.3,23.4,40,6.3,0.0,0,7
798,286,7,6,jul,wed,91.2,183.1,437.7,12.5,12.6,42,7.6,0.2,0,7
799,287,7,4,jul,sat,91.6,104.2,474.9,9.0,22.1,49,2.7,0.0,0,7
800,288,7,4,jul,sat,91.6,104.2,474.9,9.0,24.2,32,1.8,0.0,0,7
801,289,7,4,jul,sat,91.6,104.2,474.9,9.0,24.3,30,1.8,0.0,0,7
802,290,2,5,jul,sat,91.6,104.2,474.9,9.0,18.7,53,1.8,0.0,0,7
803,291,9,4,jul,sat,91.6,104.2,474.9,9.0,25.3,39,0.9,0.0,1,7
804,292,4,5,jul,fri,91.6,100.2,466.3,6.3,22.9,40,1.3,0.0,1,7
805,293,7,6,jul,tue,93.1,180.4,430.8,11.0,26.9,28,5.4,0.0,1,7
806,294,8,6,jul,tue,92.3,88.8,440.9,8.5,17.1,67,3.6,0.0,1,7
807,295,7,5,jun,sun,93.1,180.4,430.8,11.0,22.2,48,1.3,0.0,0,6
808,296,6,4,jun,sun,90.4,89.5,290.8,6.4,14.3,46,1.8,0.0,1,6
809,297,8,6,jun,sun,90.4,89.5,290.8,6.4,15.4,45,2.2,0.0,0,6
810,298,8,6,jun,wed,91.2,147.8,377.2,12.7,19.6,43,4.9,0.0,0,6
811,299,6,5,jun,sat,91.6,71.0,233.8,0.4,10.6,42,2.7,0.0,0,6
812,300,6,5,jun,mon,90.4,93.3,298.1,7.5,20.7,25,4.9,0.0,0,6
813,301,6,5,jun,mon,90.4,93.3,298.1,7.5,19.1,39,5.4,0.0,1,6
814,302,3,6,jun,fri,91.1,94.1,232.1,7.1,19.2,38,4.5,0.0,0,6
815,303,3,6,jun,fri,91.1,94.1,232.1,7.1,19.2,38,4.5,0.0,0,6
816,304,6,5,may,sat,91.6,28.0,113.8,3.5,11.3,42,4.9,0.0,0,5
817,305,1,4,sep,sun,89.6,84.1,714.3,5.7,19.0,52,2.2,0.0,0,9
818,306,7,4,sep,sun,89.6,84.1,714.3,5.7,17.1,53,5.4,0.0,1,9
819,307,3,4,sep,sun,89.6,84.1,714.3,5.7,23.8,35,3.6,0.0,1,9
820,308,2,4,sep,sun,92.4,105.8,758.1,9.9,16.0,45,1.8,0.0,0,9
821,309,2,4,sep,sun,92.4,105.8,758.1,9.9,24.9,27,2.2,0.0,0,9
822,310,7,4,sep,sun,92.4,105.8,758.1,9.9,25.3,27,2.7,0.0,0,9
823,311,6,3,sep,sun,92.4,105.8,758.1,9.9,24.8,28,1.8,0.0,1,9
824,312,2,4,sep,sun,91.6,46.2,706.6,0.4,12.2,78,6.3,0.0,0,9
825,313,6,5,sep,wed,92.6,115.4,777.1,8.8,24.3,27,4.9,0.0,0,9
826,314,4,4,sep,wed,92.6,115.4,777.1,8.8,19.7,41,1.8,0.0,1,9
827,315,3,4,sep,wed,91.2,134.7,817.5,7.2,18.5,30,2.7,0.0,0,9
828,316,4,5,sep,thu,92.4,96.2,739.4,8.6,18.6,24,5.8,0.0,0,9
829,317,4,4,sep,thu,92.4,96.2,739.4,8.6,19.2,24,4.9,0.0,1,9
830,318,6,5,sep,thu,92.8,119.0,783.5,7.5,21.6,27,2.2,0.0,0,9
831,319,5,4,sep,thu,92.8,119.0,783.5,7.5,21.6,28,6.3,0.0,1,9
832,320,6,3,sep,thu,92.8,119.0,783.5,7.5,18.9,34,7.2,0.0,1,9
833,321,1,4,sep,thu,92.8,119.0,783.5,7.5,16.8,28,4.0,0.0,1,9
834,322,6,5,sep,thu,92.8,119.0,783.5,7.5,16.8,28,4.0,0.0,1,9
835,323,3,5,sep,thu,90.7,136.9,822.8,6.8,12.9,39,2.7,0.0,1,9
836,324,6,5,sep,thu,88.1,53.3,726.9,5.4,13.7,56,1.8,0.0,1,9
837,325,1,4,sep,sat,92.2,102.3,751.5,8.4,24.2,27,3.1,0.0,0,9
838,326,5,4,sep,sat,92.2,102.3,751.5,8.4,24.1,27,3.1,0.0,0,9
839,327,6,5,sep,sat,92.2,102.3,751.5,8.4,21.2,32,2.2,0.0,0,9
840,328,6,5,sep,sat,92.2,102.3,751.5,8.4,19.7,35,1.8,0.0,0,9
841,329,4,3,sep,sat,92.2,102.3,751.5,8.4,23.5,27,4.0,0.0,1,9
842,330,3,3,sep,sat,92.2,102.3,751.5,8.4,24.2,27,3.1,0.0,1,9
843,331,7,4,sep,sat,91.2,124.4,795.3,8.5,21.5,28,4.5,0.0,1,9
844,332,4,4,sep,sat,91.2,124.4,795.3,8.5,17.1,41,2.2,0.0,1,9
845,333,1,4,sep,mon,92.1,87.7,721.1,9.5,18.1,54,3.1,0.0,1,9
846,334,2,3,sep,mon,91.6,108.4,764.0,6.2,18.0,51,5.4,0.0,0,9
847,335,4,3,sep,mon,91.6,108.4,764.0,6.2,9.8,42,1.8,0.0,0,9
848,336,7,4,sep,mon,91.6,108.4,764.0,6.2,19.3,44,2.2,0.0,0,9
849,337,6,3,sep,mon,91.6,108.4,764.0,6.2,23.0,34,2.2,0.0,1,9
850,338,8,6,sep,mon,91.6,108.4,764.0,6.2,22.7,35,2.2,0.0,1,9
851,339,2,4,sep,mon,91.6,108.4,764.0,6.2,20.4,41,1.8,0.0,1,9
852,340,2,5,sep,mon,91.6,108.4,764.0,6.2,19.3,44,2.2,0.0,1,9
853,341,8,6,sep,mon,91.9,111.7,770.3,6.5,15.7,51,2.2,0.0,0,9
854,342,6,3,sep,mon,91.5,130.1,807.1,7.5,20.6,37,1.8,0.0,0,9
855,343,8,6,sep,mon,91.5,130.1,807.1,7.5,15.9,51,4.5,0.0,1,9
856,344,6,3,sep,mon,91.5,130.1,807.1,7.5,12.2,66,4.9,0.0,1,9
857,345,2,2,sep,mon,91.5,130.1,807.1,7.5,16.8,43,3.1,0.0,1,9
858,346,1,4,sep,mon,91.5,130.1,807.1,7.5,21.3,35,2.2,0.0,1,9
859,347,5,4,sep,fri,92.1,99.0,745.3,9.6,10.1,75,3.6,0.0,0,9
860,348,3,4,sep,fri,92.1,99.0,745.3,9.6,17.4,57,4.5,0.0,0,9
861,349,5,4,sep,fri,92.1,99.0,745.3,9.6,12.8,64,3.6,0.0,1,9
862,350,5,4,sep,fri,92.1,99.0,745.3,9.6,10.1,75,3.6,0.0,1,9
863,351,4,4,sep,fri,92.1,99.0,745.3,9.6,15.4,53,6.3,0.0,1,9
864,352,7,4,sep,fri,92.1,99.0,745.3,9.6,20.6,43,3.6,0.0,1,9
865,353,7,4,sep,fri,92.1,99.0,745.3,9.6,19.8,47,2.7,0.0,1,9
866,354,7,4,sep,fri,92.1,99.0,745.3,9.6,18.7,50,2.2,0.0,1,9
867,355,4,4,sep,fri,92.1,99.0,745.3,9.6,20.8,35,4.9,0.0,1,9
868,356,4,4,sep,fri,92.1,99.0,745.3,9.6,20.8,35,4.9,0.0,1,9
869,357,6,3,sep,fri,92.5,122.0,789.7,10.2,15.9,55,3.6,0.0,0,9
870,358,6,3,sep,fri,92.5,122.0,789.7,10.2,19.7,39,2.7,0.0,0,9
871,359,1,4,sep,fri,92.5,122.0,789.7,10.2,21.1,39,2.2,0.0,1,9
872,360,6,5,sep,fri,92.5,122.0,789.7,10.2,18.4,42,2.2,0.0,1,9
873,361,4,3,sep,fri,92.5,122.0,789.7,10.2,17.3,45,4.0,0.0,1,9
874,362,7,4,sep,fri,88.2,55.2,732.3,11.6,15.2,64,3.1,0.0,1,9
875,363,4,3,sep,tue,91.9,111.7,770.3,6.5,15.9,53,2.2,0.0,1,9
876,364,6,5,sep,tue,91.9,111.7,770.3,6.5,21.1,35,2.7,0.0,1,9
877,365,6,5,sep,tue,91.9,111.7,770.3,6.5,19.6,45,3.1,0.0,1,9
878,366,4,5,sep,tue,91.1,132.3,812.1,12.5,15.9,38,5.4,0.0,1,9
879,367,4,5,sep,tue,91.1,132.3,812.1,12.5,16.4,27,3.6,0.0,0,9
880,368,6,5,sep,sat,91.2,94.3,744.4,8.4,16.8,47,4.9,0.0,1,9
881,369,4,5,sep,sun,91.0,108.3,825.1,7.1,13.8,77,7.6,0.0,0,9
882,370,7,4,sep,sun,91.0,108.3,825.1,7.1,13.8,77,7.6,0.0,1,9
883,371,3,4,jul,wed,91.9,133.6,520.5,8.0,14.2,58,4.0,0.0,0,7
884,372,4,5,aug,sun,92.0,203.2,664.5,8.1,10.4,75,0.9,0.0,0,8
885,373,5,4,aug,thu,94.8,222.4,698.6,13.9,20.3,42,2.7,0.0,0,8
886,374,6,5,sep,fri,90.3,108.3,855.3,7.4,10.3,78,4.0,0.0,1,9
887,375,6,5,sep,sat,91.2,94.3,744.4,8.4,15.4,57,4.9,0.0,1,9
888,376,8,6,aug,mon,92.1,207.0,672.6,8.2,21.1,54,2.2,0.0,0,8
889,377,2,2,aug,sat,93.7,231.1,715.1,8.4,21.9,42,2.2,0.0,1,8
890,378,6,5,mar,thu,90.9,18.9,30.6,8.0,8.7,51,5.8,0.0,0,3
891,379,4,5,jan,sun,91.6,1.1,171.4,8.4,5.2,42,0.9,0.0,0,1
892,380,5,4,jul,wed,93.7,101.3,458.8,11.9,19.3,39,7.2,0.0,1,7
893,381,8,6,aug,thu,90.7,194.1,643.0,6.8,16.2,63,2.7,0.0,1,8
894,382,8,6,aug,wed,95.2,217.7,690.0,8.4,28.2,29,1.8,0.0,1,8
895,383,9,6,aug,thu,91.6,248.4,753.8,6.3,20.5,58,2.7,0.0,1,8
896,384,8,4,aug,sat,91.6,108.3,819.1,7.7,21.3,44,4.5,0.0,1,8
897,385,2,4,aug,sun,91.6,181.3,613.0,7.6,20.9,50,2.2,0.0,1,8
898,386,3,4,sep,sun,90.5,96.7,750.5,11.4,20.6,55,5.4,0.0,1,9
899,387,5,5,mar,thu,90.9,18.9,30.6,8.0,11.6,48,5.4,0.0,0,3
900,388,6,4,aug,fri,94.8,227.0,706.7,12.0,23.3,34,3.1,0.0,1,8
901,389,7,4,aug,fri,94.8,227.0,706.7,12.0,23.3,34,3.1,0.0,0,8
902,390,7,4,feb,mon,91.6,9.5,58.3,4.1,7.5,71,6.3,0.0,1,2
903,391,8,6,sep,fri,91.1,91.3,738.1,7.2,20.7,46,2.7,0.0,1,9
904,392,1,3,sep,sun,91.0,108.3,825.1,7.1,21.9,43,4.0,0.0,1,9
905,393,2,4,mar,tue,93.4,15.0,25.6,11.4,15.2,19,7.6,0.0,0,3
906,394,6,5,feb,mon,91.6,4.6,46.7,2.2,5.3,68,1.8,0.0,0,2
907,395,4,5,feb,sun,91.6,9.0,56.9,3.5,10.1,62,1.8,0.0,1,2
908,396,4,3,sep,sun,90.5,96.7,750.5,11.4,20.4,55,4.9,0.0,1,9
909,397,5,6,aug,sun,91.6,181.3,613.0,7.6,24.3,33,3.6,0.0,1,8
910,398,1,2,aug,sat,93.7,231.1,715.1,8.4,25.9,32,3.1,0.0,0,8
911,399,9,5,jun,wed,93.3,49.5,297.7,14.0,28.0,34,4.5,0.0,0,6
912,400,9,5,jun,wed,93.3,49.5,297.7,14.0,28.0,34,4.5,0.0,1,6
913,401,3,4,sep,thu,91.1,88.2,731.7,8.3,22.8,46,4.0,0.0,1,9
914,402,9,9,aug,fri,94.8,227.0,706.7,12.0,25.0,36,4.0,0.0,0,8
915,403,8,6,aug,thu,90.7,194.1,643.0,6.8,21.3,41,3.6,0.0,0,8
916,404,2,4,sep,wed,87.9,84.8,725.1,3.7,21.8,34,2.2,0.0,1,9
917,405,2,2,aug,tue,94.6,212.1,680.9,9.5,27.9,27,2.2,0.0,0,8
918,406,6,5,sep,sat,87.1,108.3,860.6,4.0,17.0,67,4.9,0.0,1,9
919,407,4,5,feb,sat,91.6,8.2,55.0,2.9,14.2,46,4.0,0.0,0,2
920,408,4,3,sep,fri,90.3,108.3,855.3,7.4,19.9,44,3.1,0.0,1,9
921,409,1,4,jul,tue,92.3,96.2,450.2,12.1,23.4,31,5.4,0.0,0,7
922,410,6,3,feb,fri,91.6,7.3,52.8,2.7,14.7,42,2.7,0.0,0,2
923,411,7,4,feb,fri,91.6,3.2,43.6,3.3,8.2,53,4.0,0.0,1,2
924,412,9,4,jul,mon,92.3,92.1,442.1,9.8,22.8,27,4.5,0.0,1,7
925,413,7,5,aug,sat,93.7,231.1,715.1,8.4,26.4,33,3.6,0.0,0,8
926,414,5,4,aug,sun,93.6,235.1,723.1,10.1,24.1,50,4.0,0.0,0,8
927,415,8,6,aug,thu,94.8,222.4,698.6,13.9,27.5,27,4.9,0.0,1,8
928,416,6,3,jul,tue,92.7,164.1,575.8,8.9,26.3,39,3.1,0.0,1,7
929,417,6,5,mar,wed,93.4,17.3,28.3,9.9,13.8,24,5.8,0.0,0,3
930,418,2,4,aug,sun,92.0,203.2,664.5,8.1,24.9,42,5.4,0.0,1,8
931,419,2,5,aug,sun,91.6,181.3,613.0,7.6,24.8,36,4.0,0.0,1,8
932,420,8,8,aug,wed,91.7,191.4,635.9,7.8,26.2,36,4.5,0.0,1,8
933,421,2,4,aug,wed,95.2,217.7,690.0,8.4,30.8,19,4.5,0.0,0,8
934,422,8,6,jul,sun,88.9,108.3,795.9,5.2,29.3,27,3.6,0.0,1,7
935,423,1,3,sep,sat,91.2,94.3,744.4,8.4,22.3,48,4.0,0.0,1,9
936,424,8,6,aug,sat,93.7,231.1,715.1,8.4,26.9,31,3.6,0.0,1,8
937,425,2,2,aug,thu,91.6,248.4,753.8,6.3,20.4,56,2.2,0.0,0,8
938,426,8,6,aug,thu,91.6,248.4,753.8,6.3,20.4,56,2.2,0.0,0,8
939,427,2,4,aug,mon,92.1,207.0,672.6,8.2,27.9,33,2.2,0.0,1,8
940,428,1,3,aug,thu,94.8,222.4,698.6,13.9,26.2,34,5.8,0.0,0,8
941,429,3,4,aug,sun,91.6,181.3,613.0,7.6,24.6,44,4.0,0.0,1,8
942,430,7,4,sep,thu,89.7,108.3,849.3,6.8,19.4,45,3.6,0.0,0,9
943,431,1,3,aug,sat,92.1,178.0,605.3,9.6,23.3,40,4.0,0.0,1,8
944,432,8,6,aug,thu,94.8,222.4,698.6,13.9,23.9,38,6.7,0.0,0,8
945,433,2,4,aug,sun,93.6,235.1,723.1,10.1,20.9,66,4.9,0.0,1,8
946,434,1,4,aug,fri,90.6,108.3,811.2,5.5,22.2,45,3.6,0.0,0,8
947,435,2,5,jul,sat,90.8,84.7,376.6,5.6,23.8,51,1.8,0.0,0,7
948,436,8,6,aug,mon,92.1,207.0,672.6,8.2,26.8,35,1.3,0.0,1,8
949,437,8,6,aug,sat,89.4,108.3,768.4,9.7,14.2,73,2.7,0.0,0,8
950,438,2,5,aug,sat,93.7,231.1,715.1,8.4,23.6,53,4.0,0.0,1,8
951,439,1,3,sep,fri,91.1,91.3,738.1,7.2,19.1,46,2.2,0.0,1,9
952,440,5,4,sep,fri,90.3,108.3,855.3,7.4,16.2,58,3.6,0.0,0,9
953,441,8,6,aug,mon,92.1,207.0,672.6,8.2,25.5,29,1.8,0.0,1,8
954,442,6,5,apr,mon,87.9,24.9,41.6,3.7,10.9,64,3.1,0.0,1,4
955,443,1,2,jul,fri,90.7,80.9,368.3,16.8,14.8,78,8.0,0.0,0,7
956,444,2,5,sep,fri,90.3,108.3,855.3,7.4,16.2,58,3.6,0.0,1,9
957,445,5,5,aug,sun,94.0,47.9,100.7,10.7,17.3,80,4.5,0.0,0,8
958,446,6,5,aug,sun,92.0,203.2,664.5,8.1,19.1,70,2.2,0.0,0,8
959,447,3,4,mar,wed,93.4,17.3,28.3,9.9,8.9,35,8.0,0.0,0,3
960,448,7,4,sep,wed,89.7,108.3,844.0,10.1,10.5,77,4.0,0.0,0,9
961,449,7,4,aug,sun,91.6,181.3,613.0,7.6,19.3,61,4.9,0.0,0,8
962,450,4,5,aug,wed,95.2,217.7,690.0,8.4,23.4,49,5.4,0.0,1,8
963,451,1,4,aug,fri,90.5,196.8,649.9,16.3,11.8,42,4.9,0.0,1,8
964,452,7,4,aug,mon,91.5,238.2,730.6,7.5,17.7,65,4.0,0.0,0,8
965,453,4,5,aug,thu,89.4,108.3,803.3,5.6,17.4,54,3.1,0.0,0,8
966,454,3,4,aug,thu,91.6,248.4,753.8,6.3,16.8,56,3.1,0.0,0,8
967,455,3,4,jul,mon,94.6,160.0,567.2,16.7,17.9,48,2.7,0.0,0,7
968,456,2,4,aug,thu,91.6,248.4,753.8,6.3,16.6,59,2.7,0.0,0,8
969,457,1,4,aug,wed,91.7,191.4,635.9,7.8,19.9,50,4.0,0.0,1,8
970,458,8,6,aug,sat,93.7,231.1,715.1,8.4,18.9,64,4.9,0.0,1,8
971,459,7,4,aug,sat,91.6,108.3,819.1,7.7,15.5,72,8.0,0.0,1,8
972,460,2,5,aug,sat,93.7,231.1,715.1,8.4,18.9,64,4.9,0.0,0,8
973,461,8,6,aug,sat,93.7,231.1,715.1,8.4,18.9,64,4.9,0.0,0,8
974,462,1,4,sep,sun,91.0,108.3,825.1,7.1,14.5,76,7.6,0.0,1,9
975,463,6,5,feb,tue,91.6,4.4,16.2,1.9,4.6,82,6.3,0.0,1,2
976,464,6,4,feb,tue,91.6,4.4,16.2,1.9,5.1,77,5.4,0.0,1,2
977,465,2,2,feb,sat,91.6,3.6,15.3,1.8,4.6,59,0.9,0.0,1,2
978,466,6,5,mar,mon,87.2,15.1,36.9,7.1,10.2,45,5.8,0.0,1,3
979,467,3,4,mar,wed,90.2,18.5,41.1,7.3,11.2,41,5.4,0.0,1,3
980,468,6,5,mar,thu,91.3,20.6,43.5,8.5,13.3,27,3.6,0.0,1,3
981,469,6,3,apr,sun,91.0,14.6,25.6,12.3,13.7,33,4.0,0.0,1,4
982,470,5,4,apr,sun,91.0,14.6,25.6,12.3,17.6,27,5.8,0.0,0,4
983,471,4,3,may,fri,89.6,25.4,73.7,5.7,18.0,40,4.0,0.0,1,5
984,472,8,3,jun,mon,88.2,96.2,229.0,4.7,14.3,79,4.0,0.0,1,6
985,473,9,4,jun,sat,90.5,61.1,252.6,9.4,24.5,50,3.1,0.0,1,6
986,474,4,3,jun,thu,93.0,103.8,316.7,10.8,26.4,35,2.7,0.0,1,6
987,475,2,5,jun,thu,93.7,121.7,350.2,8.4,22.7,40,4.0,0.0,1,6
988,476,4,3,jul,thu,93.5,85.3,395.0,9.9,27.2,28,1.3,0.0,1,7
989,477,4,3,jul,sun,93.7,101.3,423.4,14.7,26.1,45,4.0,0.0,1,7
990,478,7,4,jul,sun,93.7,101.3,423.4,14.7,18.2,82,4.5,0.0,1,7
991,479,7,4,jul,mon,89.2,103.9,431.6,6.4,22.6,57,4.9,0.0,1,7
992,480,9,9,jul,thu,93.2,114.4,560.0,9.5,30.2,25,4.5,0.0,1,7
993,481,4,3,jul,thu,93.2,114.4,560.0,9.5,30.2,22,4.9,0.0,0,7
994,482,3,4,aug,sun,94.9,130.3,587.1,14.1,23.4,40,5.8,0.0,1,8
995,483,8,6,aug,sun,94.9,130.3,587.1,14.1,31.0,27,5.4,0.0,0,8
996,484,2,5,aug,sun,94.9,130.3,587.1,14.1,33.1,25,4.0,0.0,1,8
997,485,2,4,aug,mon,95.0,135.5,596.3,8.4,30.6,28,3.6,0.0,1,8
998,486,5,4,aug,tue,95.1,141.3,605.8,8.4,24.1,43,6.3,0.0,1,8
999,487,5,4,aug,tue,95.1,141.3,605.8,8.4,26.4,34,3.6,0.0,1,8
1000,488,4,4,aug,tue,95.1,141.3,605.8,8.4,19.4,71,7.6,0.0,1,8
1001,489,4,4,aug,wed,95.1,141.3,605.8,8.4,20.6,58,1.3,0.0,0,8
1002,490,4,4,aug,wed,95.1,141.3,605.8,8.4,28.7,33,4.0,0.0,0,8
1003,491,4,4,aug,thu,95.8,152.0,624.1,13.8,32.4,21,4.5,0.0,0,8
1004,492,1,3,aug,fri,95.9,158.0,633.6,11.3,32.4,27,2.2,0.0,0,8
1005,493,1,3,aug,fri,95.9,158.0,633.6,11.3,27.5,29,4.5,0.0,1,8
1006,494,6,6,aug,sat,96.0,164.0,643.0,14.0,30.8,30,4.9,0.0,1,8
1007,495,6,6,aug,mon,96.2,175.5,661.8,16.8,23.9,42,2.2,0.0,0,8
1008,496,4,5,aug,mon,96.2,175.5,661.8,16.8,32.6,26,3.1,0.0,1,8
1009,497,3,4,aug,tue,96.1,181.1,671.2,14.3,32.3,27,2.2,0.0,1,8
1010,498,6,5,aug,tue,96.1,181.1,671.2,14.3,33.3,26,2.7,0.0,1,8
1011,499,7,5,aug,tue,96.1,181.1,671.2,14.3,27.3,63,4.9,6.4,1,8
1012,500,8,6,aug,tue,96.1,181.1,671.2,14.3,21.6,65,4.9,0.8,0,8
1013,501,7,5,aug,tue,96.1,181.1,671.2,14.3,21.6,65,4.9,0.8,0,8
1014,502,4,4,aug,tue,96.1,181.1,671.2,14.3,20.7,69,4.9,0.4,0,8
1015,503,2,4,aug,wed,94.5,139.4,689.1,8.4,29.2,30,4.9,0.0,1,8
1016,504,4,3,aug,wed,94.5,139.4,689.1,8.4,28.9,29,4.9,0.0,1,8
1017,505,1,2,aug,thu,91.0,163.2,744.4,10.1,26.7,35,1.8,0.0,1,8
1018,506,1,2,aug,fri,91.0,166.9,752.6,7.1,18.5,73,4.0,0.0,0,8
1019,507,2,4,aug,fri,91.0,166.9,752.6,7.1,25.9,41,3.6,0.0,0,8
1020,508,1,2,aug,fri,91.0,166.9,752.6,7.1,25.9,41,3.6,0.0,0,8
1021,509,5,4,aug,fri,91.0,166.9,752.6,7.1,21.1,71,7.6,1.4,1,8
1022,510,6,5,aug,fri,91.0,166.9,752.6,7.1,18.2,62,5.4,0.0,1,8
1023,511,8,6,aug,sun,91.6,56.7,665.6,1.9,27.8,35,2.7,0.0,0,8
1024,512,4,3,aug,sun,91.6,56.7,665.6,1.9,27.8,32,2.7,0.0,1,8
1025,513,2,4,aug,sun,91.6,56.7,665.6,1.9,21.9,71,5.8,0.0,1,8
1026,514,7,4,aug,sun,91.6,56.7,665.6,1.9,21.2,70,6.7,0.0,1,8
1027,515,1,4,aug,sat,94.4,146.0,614.7,11.3,25.6,42,4.0,0.0,0,8
1028,516,6,3,nov,tue,91.6,3.0,106.7,1.1,11.8,31,4.5,0.0,0,11
