id1,id2,X,Y,month,day,FFMC,DMC,DC,ISI,temp,RH,wind,rain,fire,month nominal,label,dayIndex,features,scaledFeatures,prediction
0,12,13,6,5,sep,mon,90.9,126.5,686.5,7.0,21.3,42,2.2,0.0,0,9,0,3.0,"[6.0,5.0,90.9,9.0,3.0,126.5,686.5,7.0,21.3,42.0,2.2,0.0]","[2.571326996428601,3.982381463271727,50.23967413659229,3.875373534710064,1.5311039809319404,2.2397763637988746,2.743719732741403,2.0051908770276357,3.6220807813646854,2.860375450604456,1.392152611521202,0.0]",0.0
1,13,14,6,5,sep,wed,92.9,133.3,699.6,9.2,26.4,21,4.5,0.0,0,9,0,6.0,"[6.0,5.0,92.9,9.0,6.0,133.3,699.6,9.2,26.4,21.0,4.5,0.0]","[2.571326996428601,3.982381463271727,51.34505750593426,3.875373534710064,3.062207961863881,2.360175409441818,2.796076219994007,2.6353937240934635,4.4893395600013,1.430187725302228,2.847584887202458,0.0]",0.0
2,22,25,7,4,aug,sun,91.4,142.4,601.4,10.6,16.3,60,5.4,0.0,0,8,0,0.0,"[7.0,4.0,91.4,8.0,0.0,142.4,601.4,10.6,16.3,60.0,5.4,0.0]","[2.9998814958333675,3.1859051706173815,50.51601997892779,3.4447764752978345,0.0,2.521297661699286,2.4036023995202913,3.0364318994989907,2.7718270768189845,4.086250643720652,3.4171018646429503,0.0]",1.0
3,33,37,7,4,oct,fri,90.0,41.5,682.6,8.7,11.3,60,5.4,0.0,0,10,0,1.0,"[7.0,4.0,90.0,10.0,1.0,41.5,682.6,8.7,11.3,60.0,5.4,0.0]","[2.9998814958333675,3.1859051706173815,49.74225162038841,4.305970594122293,0.5103679936439801,0.7347882932620813,2.728132686918109,2.4921658043057753,1.921573372273284,4.086250643720652,3.4171018646429503,0.0]",0.0
4,37,41,4,4,aug,sat,90.2,96.9,624.2,8.9,18.4,42,6.7,0.0,0,8,0,2.0,"[4.0,4.0,90.2,8.0,2.0,96.9,624.2,8.9,18.4,42.0,6.7,0.0]","[1.7142179976190672,3.1859051706173815,49.85278995732261,3.4447764752978345,1.0207359872879602,1.715686400411944,2.494726667410319,2.549456972220851,3.1289336327281787,2.860375450604456,4.2397374987236605,0.0]",0.0
5,40,44,4,4,sep,wed,90.1,82.9,735.7,6.2,12.9,74,4.9,0.0,0,9,0,6.0,"[4.0,4.0,90.1,9.0,6.0,82.9,735.7,6.2,12.9,74.0,4.9,0.0]","[1.7142179976190672,3.1859051706173815,49.7975207888555,3.875373534710064,3.062207961863881,1.4678060123235313,2.940356310819884,1.7760262053673344,2.1936545577279083,5.03970912725547,3.100703543842677,0.0]",1.0
6,48,52,4,3,aug,wed,92.1,111.2,654.1,9.6,20.4,42,4.9,0.0,0,8,0,6.0,"[4.0,3.0,92.1,8.0,6.0,111.2,654.1,9.6,20.4,42.0,4.9,0.0]","[1.7142179976190672,2.389428877963036,50.902904158197465,3.4447764752978345,3.062207961863881,1.9688785111022518,2.6142273520555745,2.7499760599236143,3.469035114546459,2.860375450604456,3.100703543842677,0.0]",0.0
7,61,65,2,2,aug,thu,91.7,114.3,661.3,6.3,18.6,44,4.5,0.0,0,8,0,5.0,"[2.0,2.0,91.7,8.0,5.0,114.3,661.3,6.3,18.6,44.0,4.5,0.0]","[0.8571089988095336,1.5929525853086908,50.68182748432908,3.4447764752978345,2.5518399682199004,2.0237663113218285,2.643003436652425,1.804671789324872,3.162943780910007,2.9965838053951446,2.847584887202458,0.0]",0.0
8,68,72,5,4,mar,fri,91.7,33.3,77.5,9.0,15.6,25,6.3,0.0,0,3,0,1.0,"[5.0,4.0,91.7,3.0,1.0,33.3,77.5,9.0,15.6,25.0,6.3,0.0]","[2.142772497023834,3.1859051706173815,50.68182748432908,1.291791178236688,0.5103679936439801,0.5896012088102965,0.3097425772577695,2.5781025561783886,2.6527915581825865,1.7026044348836047,3.986618842083441,0.0]",0.0
9,69,73,5,4,aug,tue,88.8,147.3,614.5,9.0,17.3,43,4.5,0.0,0,8,0,4.0,"[5.0,4.0,88.8,8.0,4.0,147.3,614.5,9.0,17.3,43.0,4.5,0.0]","[2.142772497023834,3.1859051706173815,49.07902159878323,3.4447764752978345,2.0414719745759204,2.608055797530231,2.455958886772895,2.5781025561783886,2.941877817728125,2.9284796279998,2.847584887202458,0.0]",0.0
10,79,83,1,2,aug,wed,92.1,111.2,654.1,9.6,16.6,47,0.9,0.0,0,8,0,6.0,"[1.0,2.0,92.1,8.0,6.0,111.2,654.1,9.6,16.6,47.0,0.9,0.0]","[0.4285544994047668,1.5929525853086908,50.902904158197465,3.4447764752978345,3.062207961863881,1.9688785111022518,2.6142273520555745,2.7499760599236143,2.822842299091727,3.200896337581177,0.5695169774404917,0.0]",0.0
11,81,85,1,2,sep,thu,92.9,137.0,706.4,9.2,21.5,15,0.9,0.0,0,9,0,5.0,"[1.0,2.0,92.9,9.0,5.0,137.0,706.4,9.2,21.5,15.0,0.9,0.0]","[0.4285544994047668,1.5929525853086908,51.34505750593426,3.875373534710064,2.5518399682199004,2.425686654865184,2.823253633224366,2.6353937240934635,3.6560909295465134,1.021562660930163,0.5695169774404917,0.0]",0.0
12,83,87,1,2,sep,thu,92.9,137.0,706.4,9.2,22.4,34,2.2,0.0,0,9,0,5.0,"[1.0,2.0,92.9,9.0,5.0,137.0,706.4,9.2,22.4,34.0,2.2,0.0]","[0.4285544994047668,1.5929525853086908,51.34505750593426,3.875373534710064,2.5518399682199004,2.425686654865184,2.823253633224366,2.6353937240934635,3.8091365963647394,2.3155420314417023,1.392152611521202,0.0]",0.0
13,89,93,8,6,aug,sun,91.4,142.4,601.4,10.6,18.2,43,4.9,0.0,0,8,0,0.0,"[8.0,6.0,91.4,8.0,0.0,142.4,601.4,10.6,18.2,43.0,4.9,0.0]","[3.4284359952381345,4.778857755926072,50.51601997892779,3.4447764752978345,0.0,2.521297661699286,2.4036023995202913,3.0364318994989907,3.0949234845463507,2.9284796279998,3.100703543842677,0.0]",0.0
14,97,101,3,4,aug,tue,88.8,147.3,614.5,9.0,14.4,66,5.4,0.0,0,8,0,4.0,"[3.0,4.0,88.8,8.0,4.0,147.3,614.5,9.0,14.4,66.0,5.4,0.0]","[1.2856634982143005,3.1859051706173815,49.07902159878323,3.4447764752978345,2.0414719745759204,2.608055797530231,2.455958886772895,2.5781025561783886,2.4487306690916184,4.494875708092716,3.4171018646429503,0.0]",0.0
15,101,105,4,5,mar,fri,91.6,19.5,57.3,2.8,12.7,52,6.3,0.0,0,3,0,1.0,"[4.0,5.0,91.6,3.0,1.0,19.5,57.3,2.8,12.7,52.0,6.3,0.0]","[1.7142179976190672,3.982381463271727,50.62655831586198,1.291791178236688,0.5103679936439801,0.34526196912314666,0.22900967324993796,0.8020763508110542,2.15964440954608,3.5414172245578976,3.986618842083441,0.0]",0.0
16,111,115,3,5,mar,tue,88.1,25.7,67.6,3.8,15.5,27,6.3,0.0,0,3,0,4.0,"[3.0,5.0,88.1,3.0,4.0,25.7,67.6,3.8,15.5,27.0,6.3,0.0]","[1.2856634982143005,3.982381463271727,48.692137419513536,1.291791178236688,2.0414719745759204,0.45503756956230096,0.27017546093709954,1.0885321903864307,2.6357864840916725,1.8388127896742932,3.986618842083441,0.0]",0.0
17,112,116,3,4,mar,sat,91.7,35.8,80.8,7.8,11.6,30,6.3,0.0,0,3,0,2.0,"[3.0,4.0,91.7,3.0,2.0,35.8,80.8,7.8,11.6,30.0,6.3,0.0]","[1.2856634982143005,3.1859051706173815,50.68182748432908,1.291791178236688,1.0207359872879602,0.6338655638260845,0.3229316160313261,2.2343555486879367,1.9725885945460258,2.043125321860326,3.986618842083441,0.0]",0.0
18,114,118,3,4,mar,mon,90.1,39.7,86.6,6.2,10.6,30,4.0,0.0,0,3,0,3.0,"[3.0,4.0,90.1,3.0,3.0,39.7,86.6,6.2,10.6,30.0,4.0,0.0]","[1.2856634982143005,3.1859051706173815,49.7975207888555,1.291791178236688,1.5311039809319404,0.702917957650714,0.34611235084545594,1.7760262053673344,1.8025378536368857,2.043125321860326,2.531186566402185,0.0]",0.0
19,120,124,3,4,sep,fri,94.3,85.1,692.3,15.9,19.8,50,5.4,0.0,0,9,0,1.0,"[3.0,4.0,94.3,9.0,1.0,85.1,692.3,15.9,19.8,50.0,5.4,0.0]","[1.2856634982143005,3.1859051706173815,52.11882586447363,3.875373534710064,0.5103679936439801,1.5067586447374244,2.766900467555533,4.554647849248487,3.3670046700009753,3.4052088697672094,3.4171018646429503,0.0]",0.0
20,121,125,3,4,oct,sun,92.6,46.5,691.8,8.8,20.6,24,5.4,0.0,0,10,0,0.0,"[3.0,4.0,92.6,10.0,0.0,46.5,691.8,8.8,20.6,24.0,5.4,0.0]","[1.2856634982143005,3.1859051706173815,51.17925000053296,4.305970594122293,0.0,0.8233170032936574,2.764902128347418,2.5208113882633136,3.5030452627282873,1.6345002574882606,3.4171018646429503,0.0]",0.0
21,127,131,4,6,mar,mon,87.2,23.9,64.7,4.1,14.0,39,3.1,0.0,0,3,0,3.0,"[4.0,6.0,87.2,3.0,3.0,23.9,64.7,4.1,14.0,39.0,3.1,0.0]","[1.7142179976190672,4.778857755926072,48.19471490330966,1.291791178236688,1.5311039809319404,0.42316723395093353,0.25858509353003467,1.1744689422590435,2.3807103727279624,2.6560629184184235,1.9616695889616935,0.0]",0.0
22,130,134,3,5,mar,tue,88.1,25.7,67.6,3.8,14.9,38,2.7,0.0,0,3,0,4.0,"[3.0,5.0,88.1,3.0,4.0,25.7,67.6,3.8,14.9,38.0,2.7,0.0]","[1.2856634982143005,3.982381463271727,48.692137419513536,1.291791178236688,2.0414719745759204,0.45503756956230096,0.27017546093709954,1.0885321903864307,2.5337560395461884,2.5879587410230793,1.7085509323214751,0.0]",0.0
23,132,136,3,6,sep,sun,92.4,124.1,680.7,8.5,17.2,58,1.3,0.0,0,9,0,0.0,"[3.0,6.0,92.4,9.0,0.0,124.1,680.7,8.5,17.2,58.0,1.3,0.0]","[1.2856634982143005,4.778857755926072,51.06871166359877,3.875373534710064,0.0,2.1972825829837177,2.7205389979272736,2.4348746363907003,2.9248727436372106,3.950042288929963,0.8226356340807102,0.0]",1.0
24,137,141,1,2,aug,wed,95.5,99.9,513.3,13.2,23.3,31,4.5,0.0,1,8,1,6.0,"[1.0,2.0,95.5,8.0,6.0,99.9,513.3,13.2,23.3,31.0,4.5,0.0]","[0.4285544994047668,1.5929525853086908,52.78205588607881,3.4447764752978345,3.062207961863881,1.7688036264308897,2.051495031050491,3.78121708239497,3.962182263182966,2.11122949925567,2.847584887202458,0.0]",1.0
25,154,158,2,4,aug,wed,92.1,111.2,654.1,9.6,20.5,35,4.0,0.0,1,8,1,6.0,"[2.0,4.0,92.1,8.0,6.0,111.2,654.1,9.6,20.5,35.0,4.0,0.0]","[0.8571089988095336,3.1859051706173815,50.902904158197465,3.4447764752978345,3.062207961863881,1.9688785111022518,2.6142273520555745,2.7499760599236143,3.4860401886373733,2.3836462088370465,2.531186566402185,0.0]",1.0
26,160,164,8,5,sep,sun,89.7,90.0,704.4,4.8,17.8,67,2.2,0.0,1,9,1,0.0,"[8.0,5.0,89.7,9.0,0.0,90.0,704.4,4.8,17.8,67.0,2.2,0.0]","[3.4284359952381345,3.982381463271727,49.57644411498711,3.875373534710064,0.0,1.5935167805683692,2.8152602763919075,1.3749880299618071,3.026903188182695,4.562979885488061,1.392152611521202,0.0]",1.0
27,164,168,6,5,mar,fri,91.2,48.3,97.8,12.5,14.6,26,4.0,0.0,1,3,1,1.0,"[6.0,5.0,91.2,3.0,1.0,48.3,97.8,12.5,14.6,26.0,4.0,0.0]","[2.571326996428601,3.982381463271727,50.40548164199359,1.291791178236688,0.5103679936439801,0.8551873389050247,0.39087514910722393,3.5806979946922066,2.4827408172734464,1.7707086122789488,2.531186566402185,0.0]",1.0
28,171,175,1,4,aug,sat,90.2,96.9,624.2,8.9,20.3,39,4.9,0.0,1,8,1,2.0,"[1.0,4.0,90.2,8.0,2.0,96.9,624.2,8.9,20.3,39.0,4.9,0.0]","[0.4285544994047668,3.1859051706173815,49.85278995732261,3.4447764752978345,1.0207359872879602,1.715686400411944,2.494726667410319,2.549456972220851,3.4520300404555453,2.6560629184184235,3.100703543842677,0.0]",1.0
29,178,182,5,4,feb,sun,86.8,15.6,48.3,3.9,12.4,53,2.2,0.0,1,2,1,0.0,"[5.0,4.0,86.8,2.0,0.0,15.6,48.3,3.9,12.4,53.0,2.2,0.0]","[2.142772497023834,3.1859051706173815,47.97363822944126,0.8611941188244586,0.0,0.2762095752985173,0.19303956750387438,1.1171777743439684,2.108629187273338,3.6095214019532422,1.392152611521202,0.0]",1.0
30,187,191,2,5,aug,thu,95.2,131.7,578.8,10.4,24.2,28,2.7,0.0,1,8,1,5.0,"[2.0,5.0,95.2,8.0,5.0,131.7,578.8,10.4,24.2,28.0,2.7,0.0]","[0.8571089988095336,3.982381463271727,52.61624838067752,3.4447764752978345,2.5518399682199004,2.331846222231713,2.313277467313509,2.979140731583916,4.115227930001192,1.9069169670696373,1.7085509323214751,0.0]",1.0
31,188,192,2,2,aug,tue,94.8,108.3,647.1,17.0,24.6,22,4.5,0.0,1,8,1,4.0,"[2.0,2.0,94.8,8.0,4.0,108.3,647.1,17.0,24.6,22.0,4.5,0.0]","[0.8571089988095336,1.5929525853086908,52.395171706809116,3.4447764752978345,2.0414719745759204,1.9175318592839374,2.5862506031419694,4.869749272781401,4.1832482263648485,1.4982919026975723,2.847584887202458,0.0]",1.0
32,191,195,2,5,aug,fri,93.9,135.7,586.7,15.1,23.5,36,5.4,0.0,1,8,1,1.0,"[2.0,5.0,93.9,8.0,1.0,135.7,586.7,15.1,23.5,36.0,5.4,0.0]","[0.8571089988095336,3.982381463271727,51.89774919060524,3.4447764752978345,0.5103679936439801,2.402669190256974,2.3448512268017208,4.325483177588185,3.9961924113647935,2.4517503862323906,3.4171018646429503,0.0]",1.0
33,192,196,6,5,apr,thu,91.6,9.1,55.2,2.7,5.8,54,5.8,0.0,1,4,1,5.0,"[6.0,5.0,91.6,4.0,5.0,9.1,55.2,2.7,5.8,54.0,5.8,0.0]","[2.571326996428601,3.982381463271727,50.62655831586198,1.7223882376489172,2.5518399682199004,0.16112225225746843,0.22061664857585647,0.7734307668535166,0.9862942972730129,3.6776255793485864,3.6702205212831682,0.0]",1.0
34,193,197,4,5,sep,thu,92.9,137.0,706.4,9.2,21.5,15,0.9,0.0,1,9,1,5.0,"[4.0,5.0,92.9,9.0,5.0,137.0,706.4,9.2,21.5,15.0,0.9,0.0]","[1.7142179976190672,3.982381463271727,51.34505750593426,3.875373534710064,2.5518399682199004,2.425686654865184,2.823253633224366,2.6353937240934635,3.6560909295465134,1.021562660930163,0.5695169774404917,0.0]",1.0
35,200,204,5,6,mar,sat,90.6,50.1,100.4,7.8,15.1,64,4.0,0.0,1,3,1,2.0,"[5.0,6.0,90.6,3.0,2.0,50.1,100.4,7.8,15.1,64.0,4.0,0.0]","[2.142772497023834,4.778857755926072,50.073866631190995,1.291791178236688,1.0207359872879602,0.8870576745163922,0.4012665129894201,2.2343555486879367,2.5677661877280165,4.358667353302028,2.531186566402185,0.0]",0.0
36,221,225,4,4,sep,sun,93.5,149.3,728.6,8.1,22.9,39,4.9,0.0,1,9,1,0.0,"[4.0,4.0,93.5,9.0,0.0,149.3,728.6,8.1,22.9,39.0,4.9,0.0]","[1.7142179976190672,3.1859051706173815,51.67667251673684,3.875373534710064,0.0,2.6434672815428613,2.911979894064656,2.3202923005605496,3.8941619668193095,2.6560629184184235,3.100703543842677,0.0]",1.0
37,224,228,4,6,sep,sun,93.5,149.3,728.6,8.1,28.3,26,3.1,0.0,1,9,1,0.0,"[4.0,6.0,93.5,9.0,0.0,149.3,728.6,8.1,28.3,26.0,3.1,0.0]","[1.7142179976190672,4.778857755926072,51.67667251673684,3.875373534710064,0.0,2.6434672815428613,2.911979894064656,2.3202923005605496,4.812435967728667,1.7707086122789488,1.9616695889616935,0.0]",1.0
38,235,239,7,5,apr,sun,91.6,3.0,7.9,3.5,13.4,75,1.8,0.0,0,4,0,0.0,"[7.0,5.0,91.6,4.0,0.0,3.0,7.9,3.5,13.4,75.0,1.8,0.0]","[2.9998814958333675,3.982381463271727,50.62655831586198,1.7223882376489172,0.0,0.05311722601894564,0.031573759488211346,1.0025954385138178,2.2786799281824783,5.107813304650814,1.1390339548809834,0.0]",0.0
39,251,255,2,5,aug,thu,87.5,77.0,694.8,5.0,22.3,46,4.0,0.0,0,8,0,5.0,"[2.0,5.0,87.5,8.0,5.0,77.0,694.8,5.0,22.3,46.0,4.0,0.0]","[0.8571089988095336,3.982381463271727,48.36052240871095,3.4447764752978345,2.5518399682199004,1.3633421344862713,2.776892163596106,1.4322791978768825,3.7921315222738254,3.132792160185833,2.531186566402185,0.0]",0.0
40,254,258,3,4,aug,sat,91.8,170.9,692.3,13.7,20.6,59,0.9,0.0,0,8,0,2.0,"[3.0,4.0,91.8,8.0,2.0,170.9,692.3,13.7,20.6,59.0,0.9,0.0]","[1.2856634982143005,3.1859051706173815,50.737096652796176,3.4447764752978345,1.0207359872879602,3.02591130887927,2.766900467555533,3.924445002182658,3.5030452627282873,4.018146466325307,0.5695169774404917,0.0]",0.0
41,261,265,4,4,aug,tue,93.7,102.2,550.3,14.6,22.1,54,7.6,0.0,1,8,1,4.0,"[4.0,4.0,93.7,8.0,4.0,102.2,550.3,14.6,22.1,54.0,7.6,0.0]","[1.7142179976190672,3.1859051706173815,51.78721085367104,3.4447764752978345,2.0414719745759204,1.8095268330454148,2.1993721324509745,4.182255257800497,3.758121374091998,3.6776255793485864,4.809254476164152,0.0]",1.0
42,275,279,4,4,dec,mon,91.6,25.4,349.7,2.6,4.6,21,4.0,0.0,1,12,1,3.0,"[4.0,4.0,91.6,12.0,3.0,25.4,349.7,2.6,4.6,21.0,4.0,0.0]","[1.7142179976190672,3.1859051706173815,50.62655831586198,5.167164712946752,1.5311039809319404,0.44972584696040635,1.3976384421553805,0.744785182895979,0.7822334081820447,1.430187725302228,2.531186566402185,0.0]",1.0
43,285,289,7,4,jul,sat,91.6,104.2,474.9,9.0,24.3,30,1.8,0.0,0,7,0,2.0,"[7.0,4.0,91.6,7.0,2.0,104.2,474.9,9.0,24.3,30.0,1.8,0.0]","[2.9998814958333675,3.1859051706173815,50.62655831586198,3.014179415885605,1.0207359872879602,1.8449383170580451,1.8980225798672867,2.5781025561783886,4.132233004092106,2.043125321860326,1.1390339548809834,0.0]",0.0
44,286,290,2,5,jul,sat,91.6,104.2,474.9,9.0,18.7,53,1.8,0.0,0,7,0,2.0,"[2.0,5.0,91.6,7.0,2.0,104.2,474.9,9.0,18.7,53.0,1.8,0.0]","[0.8571089988095336,3.982381463271727,50.62655831586198,3.014179415885605,1.0207359872879602,1.8449383170580451,1.8980225798672867,2.5781025561783886,3.1799488550009207,3.6095214019532422,1.1390339548809834,0.0]",1.0
45,288,292,4,5,jul,fri,91.6,100.2,466.3,6.3,22.9,40,1.3,0.0,1,7,1,1.0,"[4.0,5.0,91.6,7.0,1.0,100.2,466.3,6.3,22.9,40.0,1.3,0.0]","[1.7142179976190672,3.982381463271727,50.62655831586198,3.014179415885605,0.5103679936439801,1.7741153490327843,1.863651145487715,1.804671789324872,3.8941619668193095,2.7241670958137676,0.8226356340807102,0.0]",1.0
46,292,296,6,4,jun,sun,90.4,89.5,290.8,6.4,14.3,46,1.8,0.0,1,6,1,0.0,"[6.0,4.0,90.4,6.0,0.0,89.5,290.8,6.4,14.3,46.0,1.8,0.0]","[2.571326996428601,3.1859051706173815,49.963328294256804,2.583582356473376,0.0,1.5846639095652115,1.1622340834394758,1.8333173732824097,2.4317255950007044,3.132792160185833,1.1390339548809834,0.0]",1.0
47,294,298,8,6,jun,wed,91.2,147.8,377.2,12.7,19.6,43,4.9,0.0,0,6,0,6.0,"[8.0,6.0,91.2,6.0,6.0,147.8,377.2,12.7,19.6,43.0,4.9,0.0]","[3.4284359952381345,4.778857755926072,50.40548164199359,2.583582356473376,3.062207961863881,2.6169086685333887,1.5075470986016857,3.6379891626072816,3.3329945218191472,2.9284796279998,3.100703543842677,0.0]",0.0
48,295,299,6,5,jun,sat,91.6,71.0,233.8,0.4,10.6,42,2.7,0.0,0,6,0,2.0,"[6.0,5.0,91.6,6.0,2.0,71.0,233.8,0.4,10.6,42.0,2.7,0.0]","[2.571326996428601,3.982381463271727,50.62655831586198,2.583582356473376,1.0207359872879602,1.25710768244838,0.9344234137144066,0.11458233583015061,1.8025378536368857,2.860375450604456,1.7085509323214751,0.0]",0.0
49,298,302,3,6,jun,fri,91.1,94.1,232.1,7.1,19.2,38,4.5,0.0,0,6,0,1.0,"[3.0,6.0,91.1,6.0,1.0,94.1,232.1,7.1,19.2,38.0,4.5,0.0]","[1.2856634982143005,4.778857755926072,50.35021247352648,2.583582356473376,0.5103679936439801,1.6661103227942613,0.9276290604068167,2.033836460985173,3.2649742254554908,2.5879587410230793,2.847584887202458,0.0]",0.0
50,299,303,3,6,jun,fri,91.1,94.1,232.1,7.1,19.2,38,4.5,0.0,0,6,0,1.0,"[3.0,6.0,91.1,6.0,1.0,94.1,232.1,7.1,19.2,38.0,4.5,0.0]","[1.2856634982143005,4.778857755926072,50.35021247352648,2.583582356473376,0.5103679936439801,1.6661103227942613,0.9276290604068167,2.033836460985173,3.2649742254554908,2.5879587410230793,2.847584887202458,0.0]",0.0
51,301,305,1,4,sep,sun,89.6,84.1,714.3,5.7,19.0,52,2.2,0.0,0,9,0,0.0,"[1.0,4.0,89.6,9.0,0.0,84.1,714.3,5.7,19.0,52.0,2.2,0.0]","[0.4285544994047668,3.1859051706173815,49.52117494652001,3.875373534710064,0.0,1.4890529027311092,2.8548273927125773,1.6327982855796461,3.230964077273663,3.5414172245578976,1.392152611521202,0.0]",0.0
52,305,309,2,4,sep,sun,92.4,105.8,758.1,9.9,24.9,27,2.2,0.0,0,9,0,0.0,"[2.0,4.0,92.4,9.0,0.0,105.8,758.1,9.9,24.9,27.0,2.2,0.0]","[0.8571089988095336,3.1859051706173815,51.06871166359877,3.875373534710064,0.0,1.8732675042681495,3.02988190734342,2.8359128117962276,4.23426344863759,1.8388127896742932,1.392152611521202,0.0]",0.0
53,310,314,4,4,sep,wed,92.6,115.4,777.1,8.8,19.7,41,1.8,0.0,1,9,1,6.0,"[4.0,4.0,92.6,9.0,6.0,115.4,777.1,8.8,19.7,41.0,1.8,0.0]","[1.7142179976190672,3.1859051706173815,51.17925000053296,3.875373534710064,3.062207961863881,2.0432426275287754,3.1058187972517763,2.5208113882633136,3.349999595910061,2.7922712732091117,1.1390339548809834,0.0]",1.0
54,311,315,3,4,sep,wed,91.2,134.7,817.5,7.2,18.5,30,2.7,0.0,0,9,0,6.0,"[3.0,4.0,91.2,9.0,6.0,134.7,817.5,7.2,18.5,30.0,2.7,0.0]","[1.2856634982143005,3.1859051706173815,50.40548164199359,3.875373534710064,3.062207961863881,2.3849634482506588,3.2672846052674394,2.062482044942711,3.1459387068190927,2.043125321860326,1.7085509323214751,0.0]",0.0
55,312,316,4,5,sep,thu,92.4,96.2,739.4,8.6,18.6,24,5.8,0.0,0,9,0,5.0,"[4.0,5.0,92.4,9.0,5.0,96.2,739.4,8.6,18.6,24.0,5.8,0.0]","[1.7142179976190672,3.982381463271727,51.06871166359877,3.875373534710064,2.5518399682199004,1.7032923810075236,2.9551440209599322,2.463520220348238,3.162943780910007,1.6345002574882606,3.6702205212831682,0.0]",0.0
56,313,317,4,4,sep,thu,92.4,96.2,739.4,8.6,19.2,24,4.9,0.0,1,9,1,5.0,"[4.0,4.0,92.4,9.0,5.0,96.2,739.4,8.6,19.2,24.0,4.9,0.0]","[1.7142179976190672,3.1859051706173815,51.06871166359877,3.875373534710064,2.5518399682199004,1.7032923810075236,2.9551440209599322,2.463520220348238,3.2649742254554908,1.6345002574882606,3.100703543842677,0.0]",1.0
57,314,318,6,5,sep,thu,92.8,119.0,783.5,7.5,21.6,27,2.2,0.0,0,9,0,5.0,"[6.0,5.0,92.8,9.0,5.0,119.0,783.5,7.5,21.6,27.0,2.2,0.0]","[2.571326996428601,3.982381463271727,51.28978833746716,3.875373534710064,2.5518399682199004,2.1069832987515102,3.131397539115644,2.148418796815324,3.673096003637428,1.8388127896742932,1.392152611521202,0.0]",0.0
58,318,322,6,5,sep,thu,92.8,119.0,783.5,7.5,16.8,28,4.0,0.0,1,9,1,5.0,"[6.0,5.0,92.8,9.0,5.0,119.0,783.5,7.5,16.8,28.0,4.0,0.0]","[2.571326996428601,3.982381463271727,51.28978833746716,3.875373534710064,2.5518399682199004,2.1069832987515102,3.131397539115644,2.148418796815324,2.8568524472735546,1.9069169670696373,2.531186566402185,0.0]",1.0
59,320,324,6,5,sep,thu,88.1,53.3,726.9,5.4,13.7,56,1.8,0.0,1,9,1,5.0,"[6.0,5.0,88.1,9.0,5.0,53.3,726.9,5.4,13.7,56.0,1.8,0.0]","[2.571326996428601,3.982381463271727,48.692137419513536,3.875373534710064,2.5518399682199004,0.9437160489366008,2.905185540757066,1.5468615337070333,2.32969515045522,3.8138339341392746,1.1390339548809834,0.0]",1.0
60,323,327,6,5,sep,sat,92.2,102.3,751.5,8.4,21.2,32,2.2,0.0,0,9,0,2.0,"[6.0,5.0,92.2,9.0,2.0,102.3,751.5,8.4,21.2,32.0,2.2,0.0]","[2.571326996428601,3.982381463271727,50.95817332666457,3.875373534710064,1.0207359872879602,1.8112974072460462,3.0035038297963066,2.406229052433163,3.6050757072737714,2.179333676651014,1.392152611521202,0.0]",0.0
61,326,330,3,3,sep,sat,92.2,102.3,751.5,8.4,24.2,27,3.1,0.0,1,9,1,2.0,"[3.0,3.0,92.2,9.0,2.0,102.3,751.5,8.4,24.2,27.0,3.1,0.0]","[1.2856634982143005,2.389428877963036,50.95817332666457,3.875373534710064,1.0207359872879602,1.8112974072460462,3.0035038297963066,2.406229052433163,4.115227930001192,1.8388127896742932,1.9616695889616935,0.0]",1.0
62,327,331,7,4,sep,sat,91.2,124.4,795.3,8.5,21.5,28,4.5,0.0,1,9,1,2.0,"[7.0,4.0,91.2,9.0,2.0,124.4,795.3,8.5,21.5,28.0,4.5,0.0]","[2.9998814958333675,3.1859051706173815,50.40548164199359,3.875373534710064,1.0207359872879602,2.2025943055856123,3.1785583444271492,2.4348746363907003,3.6560909295465134,1.9069169670696373,2.847584887202458,0.0]",1.0
63,334,338,8,6,sep,mon,91.6,108.4,764.0,6.2,22.7,35,2.2,0.0,1,9,1,3.0,"[8.0,6.0,91.6,9.0,3.0,108.4,764.0,6.2,22.7,35.0,2.2,0.0]","[3.4284359952381345,4.778857755926072,50.62655831586198,3.875373534710064,1.5311039809319404,1.9193024334845692,3.0534623099991727,1.7760262053673344,3.8601518186374815,2.3836462088370465,1.392152611521202,0.0]",1.0
64,336,340,2,5,sep,mon,91.6,108.4,764.0,6.2,19.3,44,2.2,0.0,1,9,1,3.0,"[2.0,5.0,91.6,9.0,3.0,108.4,764.0,6.2,19.3,44.0,2.2,0.0]","[0.8571089988095336,3.982381463271727,50.62655831586198,3.875373534710064,1.5311039809319404,1.9193024334845692,3.0534623099991727,1.7760262053673344,3.281979299546405,2.9965838053951446,1.392152611521202,0.0]",1.0
65,339,343,8,6,sep,mon,91.5,130.1,807.1,7.5,15.9,51,4.5,0.0,1,9,1,3.0,"[8.0,6.0,91.5,9.0,3.0,130.1,807.1,7.5,15.9,51.0,4.5,0.0]","[3.4284359952381345,4.778857755926072,50.57128914739488,3.875373534710064,1.5311039809319404,2.303517035021609,3.225719149738655,2.148418796815324,2.7038067804553285,3.4733130471625535,2.847584887202458,0.0]",1.0
66,344,348,3,4,sep,fri,92.1,99.0,745.3,9.6,17.4,57,4.5,0.0,0,9,0,1.0,"[3.0,4.0,92.1,9.0,1.0,99.0,745.3,9.6,17.4,57.0,4.5,0.0]","[1.2856634982143005,3.1859051706173815,50.902904158197465,3.875373534710064,0.5103679936439801,1.752868458625206,2.978724423615685,2.7499760599236143,2.9588828918190386,3.8819381115346188,2.847584887202458,0.0]",0.0
67,347,351,4,4,sep,fri,92.1,99.0,745.3,9.6,15.4,53,6.3,0.0,1,9,1,1.0,"[4.0,4.0,92.1,9.0,1.0,99.0,745.3,9.6,15.4,53.0,6.3,0.0]","[1.7142179976190672,3.1859051706173815,50.902904158197465,3.875373534710064,0.5103679936439801,1.752868458625206,2.978724423615685,2.7499760599236143,2.6187814100007585,3.6095214019532422,3.986618842083441,0.0]",1.0
68,348,352,7,4,sep,fri,92.1,99.0,745.3,9.6,20.6,43,3.6,0.0,1,9,1,1.0,"[7.0,4.0,92.1,9.0,1.0,99.0,745.3,9.6,20.6,43.0,3.6,0.0]","[2.9998814958333675,3.1859051706173815,50.902904158197465,3.875373534710064,0.5103679936439801,1.752868458625206,2.978724423615685,2.7499760599236143,3.5030452627282873,2.9284796279998,2.2780679097619667,0.0]",1.0
69,354,358,6,3,sep,fri,92.5,122.0,789.7,10.2,19.7,39,2.7,0.0,0,9,0,1.0,"[6.0,3.0,92.5,9.0,1.0,122.0,789.7,10.2,19.7,39.0,2.7,0.0]","[2.571326996428601,2.389428877963036,51.12398083206586,3.875373534710064,0.5103679936439801,2.160100524770456,3.1561769452962656,2.9218495636688404,3.349999595910061,2.6560629184184235,1.7085509323214751,0.0]",0.0
70,360,364,6,5,sep,tue,91.9,111.7,770.3,6.5,21.1,35,2.7,0.0,1,9,1,4.0,"[6.0,5.0,91.9,9.0,4.0,111.7,770.3,6.5,21.1,35.0,2.7,0.0]","[2.571326996428601,3.982381463271727,50.792365821263274,3.875373534710064,2.0414719745759204,1.9777313821054092,3.078641384021417,1.8619629572399474,3.588070633182858,2.3836462088370465,1.7085509323214751,0.0]",1.0
71,364,368,6,5,sep,sat,91.2,94.3,744.4,8.4,16.8,47,4.9,0.0,1,9,1,2.0,"[6.0,5.0,91.2,9.0,2.0,94.3,744.4,8.4,16.8,47.0,4.9,0.0]","[2.571326996428601,3.982381463271727,50.40548164199359,3.875373534710064,1.0207359872879602,1.6696514711955244,2.9751274130410787,2.406229052433163,2.8568524472735546,3.200896337581177,3.100703543842677,0.0]",1.0
72,368,372,4,5,aug,sun,92.0,203.2,664.5,8.1,10.4,75,0.9,0.0,0,8,0,0.0,"[4.0,5.0,92.0,8.0,0.0,203.2,664.5,8.1,10.4,75.0,0.9,0.0]","[1.7142179976190672,3.982381463271727,50.84763498973037,3.4447764752978345,0.0,3.597806775683251,2.655792807584359,2.3202923005605496,1.7685277054550577,5.107813304650814,0.5695169774404917,0.0]",0.0
73,371,375,6,5,sep,sat,91.2,94.3,744.4,8.4,15.4,57,4.9,0.0,1,9,1,2.0,"[6.0,5.0,91.2,9.0,2.0,94.3,744.4,8.4,15.4,57.0,4.9,0.0]","[2.571326996428601,3.982381463271727,50.40548164199359,3.875373534710064,1.0207359872879602,1.6696514711955244,2.9751274130410787,2.406229052433163,2.6187814100007585,3.8819381115346188,3.100703543842677,0.0]",1.0
74,376,380,5,4,jul,wed,93.7,101.3,458.8,11.9,19.3,39,7.2,0.0,1,7,1,6.0,"[5.0,4.0,93.7,7.0,6.0,101.3,458.8,11.9,19.3,39.0,7.2,0.0]","[2.142772497023834,3.1859051706173815,51.78721085367104,3.014179415885605,3.062207961863881,1.793591665239731,1.8336760573659954,3.4088244909469805,3.281979299546405,2.6560629184184235,4.556135819523933,0.0]",1.0
75,377,381,8,6,aug,thu,90.7,194.1,643.0,6.8,16.2,63,2.7,0.0,1,8,1,5.0,"[8.0,6.0,90.7,8.0,5.0,194.1,643.0,6.8,16.2,63.0,2.7,0.0]","[3.4284359952381345,4.778857755926072,50.129135799658094,3.4447764752978345,2.5518399682199004,3.436684523425783,2.5698642216354295,1.9478997091125603,2.7548220027280705,4.290563175906684,1.7085509323214751,0.0]",1.0
76,381,385,2,4,aug,sun,91.6,181.3,613.0,7.6,20.9,50,2.2,0.0,1,8,1,0.0,"[2.0,4.0,91.6,8.0,0.0,181.3,613.0,7.6,20.9,50.0,2.2,0.0]","[0.8571089988095336,3.1859051706173815,50.62655831586198,3.4447764752978345,0.0,3.2100510257449484,2.449963869148551,2.1770643807728614,3.554060485001029,3.4052088697672094,1.392152611521202,0.0]",1.0
77,382,386,3,4,sep,sun,90.5,96.7,750.5,11.4,20.6,55,5.4,0.0,1,9,1,0.0,"[3.0,4.0,90.5,9.0,0.0,96.7,750.5,11.4,20.6,55.0,5.4,0.0]","[1.2856634982143005,3.1859051706173815,50.018597462723896,3.875373534710064,0.0,1.712145252010681,2.9995071513800773,3.2655965711592922,3.5030452627282873,3.7457297567439305,3.4171018646429503,0.0]",1.0
78,386,390,7,4,feb,mon,91.6,9.5,58.3,4.1,7.5,71,6.3,0.0,1,2,1,3.0,"[7.0,4.0,91.6,2.0,3.0,9.5,58.3,4.1,7.5,71.0,6.3,0.0]","[2.9998814958333675,3.1859051706173815,50.62655831586198,0.8611941188244586,1.5311039809319404,0.16820454905999452,0.23300635166616723,1.1744689422590435,1.2753805568185512,4.8353965950694375,3.986618842083441,0.0]",1.0
79,395,399,9,5,jun,wed,93.3,49.5,297.7,14.0,28.0,34,4.5,0.0,0,6,0,6.0,"[9.0,5.0,93.3,6.0,6.0,49.5,297.7,14.0,28.0,34.0,4.5,0.0]","[3.8569904946429014,3.982381463271727,51.566134179802646,2.583582356473376,3.062207961863881,0.876434229312603,1.1898111645114577,4.010381754055271,4.761420745455925,2.3155420314417023,2.847584887202458,0.0]",1.0
80,398,402,9,9,aug,fri,94.8,227.0,706.7,12.0,25.0,36,4.0,0.0,0,8,0,1.0,"[9.0,9.0,94.8,8.0,1.0,227.0,706.7,12.0,25.0,36.0,4.0,0.0]","[3.8569904946429014,7.1682866338891085,52.395171706809116,3.4447764752978345,0.5103679936439801,4.019203435433553,2.824452636749235,3.4374700749045184,4.251268522728504,2.4517503862323906,2.531186566402185,0.0]",0.0
81,400,404,2,4,sep,wed,87.9,84.8,725.1,3.7,21.8,34,2.2,0.0,1,9,1,6.0,"[2.0,4.0,87.9,9.0,6.0,84.8,725.1,3.7,21.8,34.0,2.2,0.0]","[0.8571089988095336,3.1859051706173815,48.581599082579345,3.875373534710064,3.062207961863881,1.50144692213553,2.897991519607854,1.0598866064288932,3.7071061518192554,2.3155420314417023,1.392152611521202,0.0]",1.0
82,401,405,2,2,aug,tue,94.6,212.1,680.9,9.5,27.9,27,2.2,0.0,0,8,0,4.0,"[2.0,2.0,94.6,8.0,4.0,212.1,680.9,9.5,27.9,27.0,2.2,0.0]","[0.8571089988095336,1.5929525853086908,52.28463336987492,3.4447764752978345,2.0414719745759204,3.7553878795394566,2.721338333610519,2.721330475966077,4.74441567136501,1.8388127896742932,1.392152611521202,0.0]",1.0
83,403,408,4,3,sep,fri,90.3,108.3,855.3,7.4,19.9,44,3.1,0.0,1,9,1,1.0,"[4.0,3.0,90.3,9.0,1.0,108.3,855.3,7.4,19.9,44.0,3.1,0.0]","[1.7142179976190672,2.389428877963036,49.9080591257897,3.875373534710064,0.5103679936439801,1.9175318592839374,3.418359049400906,2.1197732128577864,3.384009744091889,2.9965838053951446,1.9616695889616935,0.0]",1.0
84,405,410,6,3,feb,fri,91.6,7.3,52.8,2.7,14.7,42,2.7,0.0,0,2,0,1.0,"[6.0,3.0,91.6,2.0,1.0,7.3,52.8,2.7,14.7,42.0,2.7,0.0]","[2.571326996428601,2.389428877963036,50.62655831586198,0.8611941188244586,0.5103679936439801,0.12925191664610106,0.21102462037690617,0.7734307668535166,2.49974589136436,2.860375450604456,1.7085509323214751,0.0]",0.0
85,408,413,7,5,aug,sat,93.7,231.1,715.1,8.4,26.4,33,3.6,0.0,0,8,0,2.0,"[7.0,5.0,93.7,8.0,2.0,231.1,715.1,8.4,26.4,33.0,3.6,0.0]","[2.9998814958333675,3.982381463271727,51.78721085367104,3.4447764752978345,1.0207359872879602,4.091796977659445,2.858024735445561,2.406229052433163,4.4893395600013,2.247437854046358,2.2780679097619667,0.0]",0.0
86,421,426,8,6,aug,thu,91.6,248.4,753.8,6.3,20.4,56,2.2,0.0,0,8,0,5.0,"[8.0,6.0,91.6,8.0,5.0,248.4,753.8,6.3,20.4,56.0,2.2,0.0]","[3.4284359952381345,4.778857755926072,50.62655831586198,3.4447764752978345,2.5518399682199004,4.3981063143686985,3.0126961901536338,1.804671789324872,3.469035114546459,3.8138339341392746,1.392152611521202,0.0]",0.0
87,422,427,2,4,aug,mon,92.1,207.0,672.6,8.2,27.9,33,2.2,0.0,1,8,1,3.0,"[2.0,4.0,92.1,8.0,3.0,207.0,672.6,8.2,27.9,33.0,2.2,0.0]","[0.8571089988095336,3.1859051706173815,50.902904158197465,3.4447764752978345,1.5311039809319404,3.6650885953072487,2.6881659027558165,2.348937884518087,4.74441567136501,2.247437854046358,1.392152611521202,0.0]",1.0
88,423,428,1,3,aug,thu,94.8,222.4,698.6,13.9,26.2,34,5.8,0.0,0,8,0,5.0,"[1.0,3.0,94.8,8.0,5.0,222.4,698.6,13.9,26.2,34.0,5.8,0.0]","[0.4285544994047668,2.389428877963036,52.395171706809116,3.4447764752978345,2.5518399682199004,3.9377570222045035,2.7920795415777775,3.981736170097734,4.455329411819472,2.3155420314417023,3.6702205212831682,0.0]",0.0
89,426,431,1,3,aug,sat,92.1,178.0,605.3,9.6,23.3,40,4.0,0.0,1,8,1,2.0,"[1.0,3.0,92.1,8.0,2.0,178.0,605.3,9.6,23.3,40.0,4.0,0.0]","[0.4285544994047668,2.389428877963036,50.902904158197465,3.4447764752978345,1.0207359872879602,3.1516220771241077,2.4191894453435854,2.7499760599236143,3.962182263182966,2.7241670958137676,2.531186566402185,0.0]",1.0
90,433,438,2,5,aug,sat,93.7,231.1,715.1,8.4,23.6,53,4.0,0.0,1,8,1,2.0,"[2.0,5.0,93.7,8.0,2.0,231.1,715.1,8.4,23.6,53.0,4.0,0.0]","[0.8571089988095336,3.982381463271727,51.78721085367104,3.4447764752978345,1.0207359872879602,4.091796977659445,2.858024735445561,2.406229052433163,4.0131974854557075,3.6095214019532422,2.531186566402185,0.0]",1.0
91,436,441,8,6,aug,mon,92.1,207.0,672.6,8.2,25.5,29,1.8,0.0,1,8,1,3.0,"[8.0,6.0,92.1,8.0,3.0,207.0,672.6,8.2,25.5,29.0,1.8,0.0]","[3.4284359952381345,4.778857755926072,50.902904158197465,3.4447764752978345,1.5311039809319404,3.6650885953072487,2.6881659027558165,2.348937884518087,4.336293893183074,1.9750211444649814,1.1390339548809834,0.0]",1.0
92,437,442,6,5,apr,mon,87.9,24.9,41.6,3.7,10.9,64,3.1,0.0,1,4,1,3.0,"[6.0,5.0,87.9,4.0,3.0,24.9,41.6,3.7,10.9,64.0,3.1,0.0]","[2.571326996428601,3.982381463271727,48.581599082579345,1.7223882376489172,1.5311039809319404,0.4408729759572488,0.1662618221151382,1.0598866064288932,1.8535530759096277,4.358667353302028,1.9616695889616935,0.0]",1.0
93,439,444,2,5,sep,fri,90.3,108.3,855.3,7.4,16.2,58,3.6,0.0,1,9,1,1.0,"[2.0,5.0,90.3,9.0,1.0,108.3,855.3,7.4,16.2,58.0,3.6,0.0]","[0.8571089988095336,3.982381463271727,49.9080591257897,3.875373534710064,0.5103679936439801,1.9175318592839374,3.418359049400906,2.1197732128577864,2.7548220027280705,3.950042288929963,2.2780679097619667,0.0]",1.0
94,444,449,7,4,aug,sun,91.6,181.3,613.0,7.6,19.3,61,4.9,0.0,0,8,0,0.0,"[7.0,4.0,91.6,8.0,0.0,181.3,613.0,7.6,19.3,61.0,4.9,0.0]","[2.9998814958333675,3.1859051706173815,50.62655831586198,3.4447764752978345,0.0,3.2100510257449484,2.449963869148551,2.1770643807728614,3.281979299546405,4.154354821115995,3.100703543842677,0.0]",0.0
95,450,455,3,4,jul,mon,94.6,160.0,567.2,16.7,17.9,48,2.7,0.0,0,7,0,3.0,"[3.0,4.0,94.6,7.0,3.0,160.0,567.2,16.7,17.9,48.0,2.7,0.0]","[1.2856634982143005,3.1859051706173815,52.28463336987492,3.014179415885605,1.5311039809319404,2.832918721010434,2.26691599768525,4.783812520908787,3.0439082622736087,3.269000514976521,1.7085509323214751,0.0]",0.0
96,451,456,2,4,aug,thu,91.6,248.4,753.8,6.3,16.6,59,2.7,0.0,0,8,0,5.0,"[2.0,4.0,91.6,8.0,5.0,248.4,753.8,6.3,16.6,59.0,2.7,0.0]","[0.8571089988095336,3.1859051706173815,50.62655831586198,3.4447764752978345,2.5518399682199004,4.3981063143686985,3.0126961901536338,1.804671789324872,2.822842299091727,4.018146466325307,1.7085509323214751,0.0]",0.0
97,454,459,7,4,aug,sat,91.6,108.3,819.1,7.7,15.5,72,8.0,0.0,1,8,1,2.0,"[7.0,4.0,91.6,8.0,2.0,108.3,819.1,7.7,15.5,72.0,8.0,0.0]","[2.9998814958333675,3.1859051706173815,50.62655831586198,3.4447764752978345,1.0207359872879602,1.9175318592839374,3.2736792907334062,2.2057099647303993,2.6357864840916725,4.903500772464781,5.06237313280437,0.0]",1.0
98,461,466,6,5,mar,mon,87.2,15.1,36.9,7.1,10.2,45,5.8,0.0,1,3,1,3.0,"[6.0,5.0,87.2,3.0,3.0,15.1,36.9,7.1,10.2,45.0,5.8,0.0]","[2.571326996428601,3.982381463271727,48.19471490330966,1.291791178236688,1.5311039809319404,0.2673567042953597,0.14747743355886056,2.033836460985173,1.7345175572732294,3.0646879827904887,3.6702205212831682,0.0]",0.0
99,474,479,7,4,jul,mon,89.2,103.9,431.6,6.4,22.6,57,4.9,0.0,1,7,1,3.0,"[7.0,4.0,89.2,7.0,3.0,103.9,431.6,6.4,22.6,57.0,4.9,0.0]","[2.9998814958333675,3.1859051706173815,49.300098272651624,3.014179415885605,1.5311039809319404,1.8396265944561507,1.724966404444559,1.8333173732824097,3.843146744546568,3.8819381115346188,3.100703543842677,0.0]",0.0
100,477,482,3,4,aug,sun,94.9,130.3,587.1,14.1,23.4,40,5.8,0.0,1,8,1,0.0,"[3.0,4.0,94.9,8.0,0.0,130.3,587.1,14.1,23.4,40.0,5.8,0.0]","[1.2856634982143005,3.1859051706173815,52.45044087527622,3.4447764752978345,0.0,2.3070581834228725,2.3464498981682125,4.039027338012809,3.9791873372738795,2.7241670958137676,3.6702205212831682,0.0]",1.0
101,478,483,8,6,aug,sun,94.9,130.3,587.1,14.1,31.0,27,5.4,0.0,0,8,0,0.0,"[8.0,6.0,94.9,8.0,0.0,130.3,587.1,14.1,31.0,27.0,5.4,0.0]","[3.4284359952381345,4.778857755926072,52.45044087527622,3.4447764752978345,0.0,2.3070581834228725,2.3464498981682125,4.039027338012809,5.271572968183345,1.8388127896742932,3.4171018646429503,0.0]",0.0
102,483,488,4,4,aug,tue,95.1,141.3,605.8,8.4,19.4,71,7.6,0.0,1,8,1,4.0,"[4.0,4.0,95.1,8.0,4.0,141.3,605.8,8.4,19.4,71.0,7.6,0.0]","[1.7142179976190672,3.1859051706173815,52.56097921221041,3.4447764752978345,2.0414719745759204,2.5018213454923397,2.4211877845517,2.406229052433163,3.298984373637319,4.8353965950694375,4.809254476164152,0.0]",1.0
103,485,490,4,4,aug,wed,95.1,141.3,605.8,8.4,28.7,33,4.0,0.0,0,8,0,6.0,"[4.0,4.0,95.1,8.0,6.0,141.3,605.8,8.4,28.7,33.0,4.0,0.0]","[1.7142179976190672,3.1859051706173815,52.56097921221041,3.4447764752978345,3.062207961863881,2.5018213454923397,2.4211877845517,2.406229052433163,4.880456264092323,2.247437854046358,2.531186566402185,0.0]",0.0
104,500,505,1,2,aug,thu,91.0,163.2,744.4,10.1,26.7,35,1.8,0.0,1,8,1,5.0,"[1.0,2.0,91.0,8.0,5.0,163.2,744.4,10.1,26.7,35.0,1.8,0.0]","[0.4285544994047668,1.5929525853086908,50.29494330505939,3.4447764752978345,2.5518399682199004,2.8895770954306426,2.9751274130410787,2.8932039797113025,4.540354782274042,2.3836462088370465,1.1390339548809834,0.0]",1.0
105,503,508,1,2,aug,fri,91.0,166.9,752.6,7.1,25.9,41,3.6,0.0,0,8,0,1.0,"[1.0,2.0,91.0,8.0,1.0,166.9,752.6,7.1,25.9,41.0,3.6,0.0]","[0.4285544994047668,1.5929525853086908,50.29494330505939,3.4447764752978345,0.5103679936439801,2.955088340854009,3.007900176054159,2.033836460985173,4.40431418954673,2.7922712732091117,2.2780679097619667,0.0]",0.0
106,506,511,8,6,aug,sun,91.6,56.7,665.6,1.9,27.8,35,2.7,0.0,0,8,0,0.0,"[8.0,6.0,91.6,8.0,0.0,56.7,665.6,1.9,27.8,35.0,2.7,0.0]","[3.4284359952381345,4.778857755926072,50.62655831586198,3.4447764752978345,0.0,1.0039155717580726,2.6601891538422113,0.5442660951932153,4.727410597274097,2.3836462088370465,1.7085509323214751,0.0]",0.0
107,507,512,4,3,aug,sun,91.6,56.7,665.6,1.9,27.8,32,2.7,0.0,1,8,1,0.0,"[4.0,3.0,91.6,8.0,0.0,56.7,665.6,1.9,27.8,32.0,2.7,0.0]","[1.7142179976190672,2.389428877963036,50.62655831586198,3.4447764752978345,0.0,1.0039155717580726,2.6601891538422113,0.5442660951932153,4.727410597274097,2.179333676651014,1.7085509323214751,0.0]",1.0
108,509,514,7,4,aug,sun,91.6,56.7,665.6,1.9,21.2,70,6.7,0.0,1,8,1,0.0,"[7.0,4.0,91.6,8.0,0.0,56.7,665.6,1.9,21.2,70.0,6.7,0.0]","[2.9998814958333675,3.1859051706173815,50.62655831586198,3.4447764752978345,0.0,1.0039155717580726,2.6601891538422113,0.5442660951932153,3.6050757072737714,4.767292417674093,4.2397374987236605,0.0]",1.0
109,522,10,7,5,sep,sat,92.5,88.0,698.6,7.1,17.8,51,7.2,0.0,0,9,0,2.0,"[7.0,5.0,92.5,9.0,2.0,88.0,698.6,7.1,17.8,51.0,7.2,0.0]","[2.9998814958333675,3.982381463271727,51.12398083206586,3.875373534710064,1.0207359872879602,1.5581052965557387,2.7920795415777775,2.033836460985173,3.026903188182695,3.4733130471625535,4.556135819523933,0.0]",0.0
110,535,23,7,4,aug,sat,90.2,110.9,537.4,6.2,19.5,43,5.8,0.0,0,8,0,2.0,"[7.0,4.0,90.2,8.0,2.0,110.9,537.4,6.2,19.5,43.0,5.8,0.0]","[2.9998814958333675,3.1859051706173815,49.85278995732261,3.4447764752978345,1.0207359872879602,1.9635667885003572,2.147814980881617,1.7760262053673344,3.3159894477282332,2.9284796279998,3.6702205212831682,0.0]",0.0
111,537,25,7,4,aug,sun,91.4,142.4,601.4,10.6,16.3,60,5.4,0.0,0,8,0,0.0,"[7.0,4.0,91.4,8.0,0.0,142.4,601.4,10.6,16.3,60.0,5.4,0.0]","[2.9998814958333675,3.1859051706173815,50.51601997892779,3.4447764752978345,0.0,2.521297661699286,2.4036023995202913,3.0364318994989907,2.7718270768189845,4.086250643720652,3.4171018646429503,0.0]",1.0
112,538,26,7,4,sep,fri,92.4,117.9,668.0,12.2,19.0,34,5.8,0.0,0,9,0,1.0,"[7.0,4.0,92.4,9.0,1.0,117.9,668.0,12.2,19.0,34.0,5.8,0.0]","[2.9998814958333675,3.1859051706173815,51.06871166359877,3.875373534710064,0.5103679936439801,2.087506982544564,2.6697811820411617,3.4947612428195933,3.230964077273663,2.3155420314417023,3.6702205212831682,0.0]",1.0
113,541,29,6,3,sep,sun,93.5,149.3,728.6,8.1,22.8,39,3.6,0.0,0,9,0,0.0,"[6.0,3.0,93.5,9.0,0.0,149.3,728.6,8.1,22.8,39.0,3.6,0.0]","[2.571326996428601,2.389428877963036,51.67667251673684,3.875373534710064,0.0,2.6434672815428613,2.911979894064656,2.3202923005605496,3.877156892728396,2.6560629184184235,2.2780679097619667,0.0]",0.0
114,553,41,4,4,aug,sat,90.2,96.9,624.2,8.9,18.4,42,6.7,0.0,0,8,0,2.0,"[4.0,4.0,90.2,8.0,2.0,96.9,624.2,8.9,18.4,42.0,6.7,0.0]","[1.7142179976190672,3.1859051706173815,49.85278995732261,3.4447764752978345,1.0207359872879602,1.715686400411944,2.494726667410319,2.549456972220851,3.1289336327281787,2.860375450604456,4.2397374987236605,0.0]",0.0
115,554,42,4,4,aug,tue,94.8,108.3,647.1,17.0,16.6,54,5.4,0.0,0,8,0,4.0,"[4.0,4.0,94.8,8.0,4.0,108.3,647.1,17.0,16.6,54.0,5.4,0.0]","[1.7142179976190672,3.1859051706173815,52.395171706809116,3.4447764752978345,2.0414719745759204,1.9175318592839374,2.5862506031419694,4.869749272781401,2.822842299091727,3.6776255793485864,3.4171018646429503,0.0]",0.0
116,556,44,4,4,sep,wed,90.1,82.9,735.7,6.2,12.9,74,4.9,0.0,0,9,0,6.0,"[4.0,4.0,90.1,9.0,6.0,82.9,735.7,6.2,12.9,74.0,4.9,0.0]","[1.7142179976190672,3.1859051706173815,49.7975207888555,3.875373534710064,3.062207961863881,1.4678060123235313,2.940356310819884,1.7760262053673344,2.1936545577279083,5.03970912725547,3.100703543842677,0.0]",1.0
117,560,48,4,4,mar,mon,87.2,23.9,64.7,4.1,11.8,35,1.8,0.0,0,3,0,3.0,"[4.0,4.0,87.2,3.0,3.0,23.9,64.7,4.1,11.8,35.0,1.8,0.0]","[1.7142179976190672,3.1859051706173815,48.19471490330966,1.291791178236688,1.5311039809319404,0.42316723395093353,0.25858509353003467,1.1744689422590435,2.0065987427278538,2.3836462088370465,1.1390339548809834,0.0]",0.0
118,562,50,4,4,sep,thu,92.9,137.0,706.4,9.2,20.8,17,1.3,0.0,0,9,0,5.0,"[4.0,4.0,92.9,9.0,5.0,137.0,706.4,9.2,20.8,17.0,1.3,0.0]","[1.7142179976190672,3.1859051706173815,51.34505750593426,3.875373534710064,2.5518399682199004,2.425686654865184,2.823253633224366,2.6353937240934635,3.5370554109101153,1.1577710157208512,0.8226356340807102,0.0]",0.0
119,565,53,4,3,aug,wed,92.1,111.2,654.1,9.6,20.4,42,4.9,0.0,0,8,0,6.0,"[4.0,3.0,92.1,8.0,6.0,111.2,654.1,9.6,20.4,42.0,4.9,0.0]","[1.7142179976190672,2.389428877963036,50.902904158197465,3.4447764752978345,3.062207961863881,1.9688785111022518,2.6142273520555745,2.7499760599236143,3.469035114546459,2.860375450604456,3.100703543842677,0.0]",0.0
120,571,59,2,2,feb,fri,86.6,13.2,43.0,5.3,12.3,51,0.9,0.0,0,2,0,1.0,"[2.0,2.0,86.6,2.0,1.0,13.2,43.0,5.3,12.3,51.0,0.9,0.0]","[0.8571089988095336,1.5929525853086908,47.863099892507066,0.8611941188244586,0.5103679936439801,0.2337157944833608,0.1718571718978592,1.5182159497494954,2.0916241131824242,3.4733130471625535,0.5695169774404917,0.0]",0.0
121,580,68,2,2,sep,fri,92.4,117.9,668.0,12.2,19.6,33,6.3,0.0,0,9,0,1.0,"[2.0,2.0,92.4,9.0,1.0,117.9,668.0,12.2,19.6,33.0,6.3,0.0]","[0.8571089988095336,1.5929525853086908,51.06871166359877,3.875373534710064,0.5103679936439801,2.087506982544564,2.6697811820411617,3.4947612428195933,3.3329945218191472,2.247437854046358,3.986618842083441,0.0]",0.0
122,583,71,4,5,sep,fri,94.3,85.1,692.3,15.9,17.7,37,3.6,0.0,0,9,0,1.0,"[4.0,5.0,94.3,9.0,1.0,85.1,692.3,15.9,17.7,37.0,3.6,0.0]","[1.7142179976190672,3.982381463271727,52.11882586447363,3.875373534710064,0.5103679936439801,1.5067586447374244,2.766900467555533,4.554647849248487,3.0098981140917807,2.519854563627735,2.2780679097619667,0.0]",0.0
123,586,74,5,4,sep,fri,93.3,141.2,713.9,13.9,27.6,30,1.3,0.0,0,9,0,1.0,"[5.0,4.0,93.3,9.0,1.0,141.2,713.9,13.9,27.6,30.0,1.3,0.0]","[2.142772497023834,3.1859051706173815,51.566134179802646,3.875373534710064,0.5103679936439801,2.5000507712917077,2.8532287213460856,3.981736170097734,4.693400449092269,2.043125321860326,0.8226356340807102,0.0]",0.0
124,589,77,1,3,mar,mon,87.6,52.2,103.8,5.0,8.3,72,3.1,0.0,0,3,0,3.0,"[1.0,3.0,87.6,3.0,3.0,52.2,103.8,5.0,8.3,72.0,3.1,0.0]","[0.4285544994047668,2.389428877963036,48.41579157717805,1.291791178236688,1.5311039809319404,0.9242397327296541,0.41485521960459965,1.4322791978768825,1.4114211495458635,4.903500772464781,1.9616695889616935,0.0]",0.0
125,599,87,1,2,sep,thu,92.9,137.0,706.4,9.2,22.4,34,2.2,0.0,0,9,0,5.0,"[1.0,2.0,92.9,9.0,5.0,137.0,706.4,9.2,22.4,34.0,2.2,0.0]","[0.4285544994047668,1.5929525853086908,51.34505750593426,3.875373534710064,2.5518399682199004,2.425686654865184,2.823253633224366,2.6353937240934635,3.8091365963647394,2.3155420314417023,1.392152611521202,0.0]",0.0
126,600,88,1,2,sep,sun,93.5,149.3,728.6,8.1,25.3,36,3.6,0.0,0,9,0,0.0,"[1.0,2.0,93.5,9.0,0.0,149.3,728.6,8.1,25.3,36.0,3.6,0.0]","[0.4285544994047668,1.5929525853086908,51.67667251673684,3.875373534710064,0.0,2.6434672815428613,2.911979894064656,2.3202923005605496,4.3022837450012466,2.4517503862323906,2.2780679097619667,0.0]",0.0
127,602,90,6,5,aug,sat,90.2,96.9,624.2,8.9,14.7,59,5.8,0.0,0,8,0,2.0,"[6.0,5.0,90.2,8.0,2.0,96.9,624.2,8.9,14.7,59.0,5.8,0.0]","[2.571326996428601,3.982381463271727,49.85278995732261,3.4447764752978345,1.0207359872879602,1.715686400411944,2.494726667410319,2.549456972220851,2.49974589136436,4.018146466325307,3.6702205212831682,0.0]",0.0
128,607,95,4,4,sep,sun,89.7,90.0,704.4,4.8,17.8,64,1.3,0.0,0,9,0,0.0,"[4.0,4.0,89.7,9.0,0.0,90.0,704.4,4.8,17.8,64.0,1.3,0.0]","[1.7142179976190672,3.1859051706173815,49.57644411498711,3.875373534710064,0.0,1.5935167805683692,2.8152602763919075,1.3749880299618071,3.026903188182695,4.358667353302028,0.8226356340807102,0.0]",0.0
129,611,99,3,4,aug,sun,91.4,142.4,601.4,10.6,19.8,39,5.4,0.0,0,8,0,0.0,"[3.0,4.0,91.4,8.0,0.0,142.4,601.4,10.6,19.8,39.0,5.4,0.0]","[1.2856634982143005,3.1859051706173815,50.51601997892779,3.4447764752978345,0.0,2.521297661699286,2.4036023995202913,3.0364318994989907,3.3670046700009753,2.6560629184184235,3.4171018646429503,0.0]",0.0
130,614,102,2,4,aug,tue,94.8,108.3,647.1,17.0,20.1,40,4.0,0.0,0,8,0,4.0,"[2.0,4.0,94.8,8.0,4.0,108.3,647.1,17.0,20.1,40.0,4.0,0.0]","[0.8571089988095336,3.1859051706173815,52.395171706809116,3.4447764752978345,2.0414719745759204,1.9175318592839374,2.5862506031419694,4.869749272781401,3.4180198922737173,2.7241670958137676,2.531186566402185,0.0]",0.0
131,620,108,4,5,sep,sat,92.5,88.0,698.6,7.1,20.3,45,3.1,0.0,0,9,0,2.0,"[4.0,5.0,92.5,9.0,2.0,88.0,698.6,7.1,20.3,45.0,3.1,0.0]","[1.7142179976190672,3.982381463271727,51.12398083206586,3.875373534710064,1.0207359872879602,1.5581052965557387,2.7920795415777775,2.033836460985173,3.4520300404555453,3.0646879827904887,1.9616695889616935,0.0]",0.0
132,633,121,3,4,aug,mon,91.5,145.4,608.2,10.7,17.1,43,5.4,0.0,0,8,0,3.0,"[3.0,4.0,91.5,8.0,3.0,145.4,608.2,10.7,17.1,43.0,5.4,0.0]","[1.2856634982143005,3.1859051706173815,50.57128914739488,3.4447764752978345,1.5311039809319404,2.574414887718232,2.4307798127506506,3.0650774834565286,2.907867669546297,2.9284796279998,3.4171018646429503,0.0]",0.0
133,635,123,3,4,sep,tue,91.6,73.4,671.9,3.2,17.9,45,3.1,0.0,0,9,0,4.0,"[3.0,4.0,91.6,9.0,4.0,73.4,671.9,3.2,17.9,45.0,3.1,0.0]","[1.2856634982143005,3.1859051706173815,50.62655831586198,3.875373534710064,2.0414719745759204,1.2996014632635366,2.6853682278644557,0.9166586866412049,3.0439082622736087,3.0646879827904887,1.9616695889616935,0.0]",0.0
134,641,129,2,5,oct,sun,92.6,46.5,691.8,8.8,15.4,35,0.9,0.0,0,10,0,0.0,"[2.0,5.0,92.6,10.0,0.0,46.5,691.8,8.8,15.4,35.0,0.9,0.0]","[0.8571089988095336,3.982381463271727,51.17925000053296,4.305970594122293,0.0,0.8233170032936574,2.764902128347418,2.5208113882633136,2.6187814100007585,2.3836462088370465,0.5695169774404917,0.0]",0.0
135,644,132,4,6,mar,sun,89.3,51.3,102.2,9.6,10.6,46,4.9,0.0,0,3,0,0.0,"[4.0,6.0,89.3,3.0,0.0,51.3,102.2,9.6,10.6,46.0,4.9,0.0]","[1.7142179976190672,4.778857755926072,49.355367441118716,1.291791178236688,0.0,0.9083045649239704,0.4084605341386328,2.7499760599236143,1.8025378536368857,3.132792160185833,3.100703543842677,0.0]",0.0
136,648,136,3,6,sep,sun,92.4,124.1,680.7,8.5,17.2,58,1.3,0.0,0,9,0,0.0,"[3.0,6.0,92.4,9.0,0.0,124.1,680.7,8.5,17.2,58.0,1.3,0.0]","[1.2856634982143005,4.778857755926072,51.06871166359877,3.875373534710064,0.0,2.1972825829837177,2.7205389979272736,2.4348746363907003,2.9248727436372106,3.950042288929963,0.8226356340807102,0.0]",1.0
137,649,137,3,6,sep,mon,90.9,126.5,686.5,7.0,15.6,66,3.1,0.0,0,9,0,3.0,"[3.0,6.0,90.9,9.0,3.0,126.5,686.5,7.0,15.6,66.0,3.1,0.0]","[1.2856634982143005,4.778857755926072,50.23967413659229,3.875373534710064,1.5311039809319404,2.2397763637988746,2.743719732741403,2.0051908770276357,2.6527915581825865,4.494875708092716,1.9616695889616935,0.0]",0.0
138,652,140,2,5,sep,mon,90.9,126.5,686.5,7.0,21.9,39,1.8,0.0,1,9,1,3.0,"[2.0,5.0,90.9,9.0,3.0,126.5,686.5,7.0,21.9,39.0,1.8,0.0]","[0.8571089988095336,3.982381463271727,50.23967413659229,3.875373534710064,1.5311039809319404,2.2397763637988746,2.743719732741403,2.0051908770276357,3.7241112259101694,2.6560629184184235,1.1390339548809834,0.0]",1.0
139,657,145,6,5,aug,thu,95.2,131.7,578.8,10.4,27.4,22,4.0,0.0,1,8,1,5.0,"[6.0,5.0,95.2,8.0,5.0,131.7,578.8,10.4,27.4,22.0,4.0,0.0]","[2.571326996428601,3.982381463271727,52.61624838067752,3.4447764752978345,2.5518399682199004,2.331846222231713,2.313277467313509,2.979140731583916,4.65939030091044,1.4982919026975723,2.531186566402185,0.0]",1.0
140,658,146,5,4,mar,mon,90.1,39.7,86.6,6.2,13.2,40,5.4,0.0,1,3,1,3.0,"[5.0,4.0,90.1,3.0,3.0,39.7,86.6,6.2,13.2,40.0,5.4,0.0]","[2.142772497023834,3.1859051706173815,49.7975207888555,1.291791178236688,1.5311039809319404,0.702917957650714,0.34611235084545594,1.7760262053673344,2.24466978000065,2.7241670958137676,3.4171018646429503,0.0]",1.0
141,668,156,2,4,sep,sat,93.4,145.4,721.4,8.1,28.6,27,2.2,0.0,1,9,1,2.0,"[2.0,4.0,93.4,9.0,2.0,145.4,721.4,8.1,28.6,27.0,2.2,0.0]","[0.8571089988095336,3.1859051706173815,51.62140334826975,3.875373534710064,1.0207359872879602,2.574414887718232,2.883203809467805,2.3202923005605496,4.863451190001409,1.8388127896742932,1.392152611521202,0.0]",1.0
142,670,158,2,4,aug,wed,92.1,111.2,654.1,9.6,20.5,35,4.0,0.0,1,8,1,6.0,"[2.0,4.0,92.1,8.0,6.0,111.2,654.1,9.6,20.5,35.0,4.0,0.0]","[0.8571089988095336,3.1859051706173815,50.902904158197465,3.4447764752978345,3.062207961863881,1.9688785111022518,2.6142273520555745,2.7499760599236143,3.4860401886373733,2.3836462088370465,2.531186566402185,0.0]",1.0
143,673,161,6,4,aug,thu,95.2,131.7,578.8,10.4,20.3,41,4.0,0.0,1,8,1,5.0,"[6.0,4.0,95.2,8.0,5.0,131.7,578.8,10.4,20.3,41.0,4.0,0.0]","[2.571326996428601,3.1859051706173815,52.61624838067752,3.4447764752978345,2.5518399682199004,2.331846222231713,2.313277467313509,2.979140731583916,3.4520300404555453,2.7922712732091117,2.531186566402185,0.0]",1.0
144,681,169,8,6,aug,thu,95.2,131.7,578.8,10.4,20.7,45,2.2,0.0,1,8,1,5.0,"[8.0,6.0,95.2,8.0,5.0,131.7,578.8,10.4,20.7,45.0,2.2,0.0]","[3.4284359952381345,4.778857755926072,52.61624838067752,3.4447764752978345,2.5518399682199004,2.331846222231713,2.313277467313509,2.979140731583916,3.5200503368192013,3.0646879827904887,1.392152611521202,0.0]",1.0
145,687,175,1,4,aug,sat,90.2,96.9,624.2,8.9,20.3,39,4.9,0.0,1,8,1,2.0,"[1.0,4.0,90.2,8.0,2.0,96.9,624.2,8.9,20.3,39.0,4.9,0.0]","[0.4285544994047668,3.1859051706173815,49.85278995732261,3.4447764752978345,1.0207359872879602,1.715686400411944,2.494726667410319,2.549456972220851,3.4520300404555453,2.6560629184184235,3.100703543842677,0.0]",1.0
146,688,176,6,5,apr,thu,91.6,9.1,55.2,2.7,5.8,54,5.8,0.0,1,4,1,5.0,"[6.0,5.0,91.6,4.0,5.0,9.1,55.2,2.7,5.8,54.0,5.8,0.0]","[2.571326996428601,3.982381463271727,50.62655831586198,1.7223882376489172,2.5518399682199004,0.16112225225746843,0.22061664857585647,0.7734307668535166,0.9862942972730129,3.6776255793485864,3.6702205212831682,0.0]",1.0
147,692,180,1,3,sep,sun,92.4,124.1,680.7,8.5,23.9,32,6.7,0.0,1,9,1,0.0,"[1.0,3.0,92.4,9.0,0.0,124.1,680.7,8.5,23.9,32.0,6.7,0.0]","[0.4285544994047668,2.389428877963036,51.06871166359877,3.875373534710064,0.0,2.1972825829837177,2.7205389979272736,2.4348746363907003,4.06421270772845,2.179333676651014,4.2397374987236605,0.0]",1.0
148,693,181,8,6,oct,mon,91.6,32.8,664.2,3.0,19.1,32,4.0,0.0,1,10,1,3.0,"[8.0,6.0,91.6,10.0,3.0,32.8,664.2,3.0,19.1,32.0,4.0,0.0]","[3.4284359952381345,4.778857755926072,50.62655831586198,4.305970594122293,1.5311039809319404,0.5807483378071389,2.6545938040594903,0.8593675187261296,3.247969151364577,2.179333676651014,2.531186566402185,0.0]",1.0
149,698,186,8,6,mar,sun,89.3,51.3,102.2,9.6,11.5,39,5.8,0.0,1,3,1,0.0,"[8.0,6.0,89.3,3.0,0.0,51.3,102.2,9.6,11.5,39.0,5.8,0.0]","[3.4284359952381345,4.778857755926072,49.355367441118716,1.291791178236688,0.0,0.9083045649239704,0.4084605341386328,2.7499760599236143,1.9555835204551117,2.6560629184184235,3.6702205212831682,0.0]",1.0
150,701,189,7,4,mar,sun,90.7,44.0,92.4,5.5,11.5,60,4.0,0.0,1,3,1,0.0,"[7.0,4.0,90.7,3.0,0.0,44.0,92.4,5.5,11.5,60.0,4.0,0.0]","[2.9998814958333675,3.1859051706173815,50.129135799658094,1.291791178236688,0.0,0.7790526482778694,0.36929308565958585,1.5755071176645707,1.9555835204551117,4.086250643720652,2.531186566402185,0.0]",1.0
151,703,191,2,5,aug,thu,95.2,131.7,578.8,10.4,24.2,28,2.7,0.0,1,8,1,5.0,"[2.0,5.0,95.2,8.0,5.0,131.7,578.8,10.4,24.2,28.0,2.7,0.0]","[0.8571089988095336,3.982381463271727,52.61624838067752,3.4447764752978345,2.5518399682199004,2.331846222231713,2.313277467313509,2.979140731583916,4.115227930001192,1.9069169670696373,1.7085509323214751,0.0]",1.0
152,708,196,6,5,apr,thu,91.6,9.1,55.2,2.7,5.8,54,5.8,0.0,1,4,1,5.0,"[6.0,5.0,91.6,4.0,5.0,9.1,55.2,2.7,5.8,54.0,5.8,0.0]","[2.571326996428601,3.982381463271727,50.62655831586198,1.7223882376489172,2.5518399682199004,0.16112225225746843,0.22061664857585647,0.7734307668535166,0.9862942972730129,3.6776255793485864,3.6702205212831682,0.0]",1.0
153,711,199,2,4,sep,mon,91.6,70.8,665.3,0.8,22.6,38,3.6,0.0,1,9,1,3.0,"[2.0,4.0,91.6,9.0,3.0,70.8,665.3,0.8,22.6,38.0,3.6,0.0]","[0.8571089988095336,3.1859051706173815,50.62655831586198,3.875373534710064,1.5311039809319404,1.253566534047117,2.6589901503173423,0.22916467166030122,3.843146744546568,2.5879587410230793,2.2780679097619667,0.0]",1.0
154,716,204,5,6,mar,sat,90.6,50.1,100.4,7.8,15.1,64,4.0,0.0,1,3,1,2.0,"[5.0,6.0,90.6,3.0,2.0,50.1,100.4,7.8,15.1,64.0,4.0,0.0]","[2.142772497023834,4.778857755926072,50.073866631190995,1.291791178236688,1.0207359872879602,0.8870576745163922,0.4012665129894201,2.2343555486879367,2.5677661877280165,4.358667353302028,2.531186566402185,0.0]",0.0
155,719,207,7,5,sep,tue,91.0,129.5,692.6,7.0,20.7,37,2.2,0.0,1,9,1,4.0,"[7.0,5.0,91.0,9.0,4.0,129.5,692.6,7.0,20.7,37.0,2.2,0.0]","[2.9998814958333675,3.982381463271727,50.29494330505939,3.875373534710064,2.0414719745759204,2.2928935898178198,2.768099471080402,2.0051908770276357,3.5200503368192013,2.519854563627735,1.392152611521202,0.0]",1.0
156,723,211,7,4,aug,sat,93.5,139.4,594.2,8.4,5.1,42,5.8,0.0,1,8,1,2.0,"[7.0,4.0,93.5,8.0,2.0,139.4,594.2,8.4,5.1,42.0,5.8,0.0]","[2.9998814958333675,3.1859051706173815,51.67667251673684,3.4447764752978345,1.0207359872879602,2.4681804356803405,2.3748263149234408,2.406229052433163,0.8672587786366147,2.860375450604456,3.6702205212831682,0.0]",1.0
157,724,212,7,4,sep,fri,94.3,85.1,692.3,15.9,20.1,47,4.9,0.0,1,9,1,1.0,"[7.0,4.0,94.3,9.0,1.0,85.1,692.3,15.9,20.1,47.0,4.9,0.0]","[2.9998814958333675,3.1859051706173815,52.11882586447363,3.875373534710064,0.5103679936439801,1.5067586447374244,2.766900467555533,4.554647849248487,3.4180198922737173,3.200896337581177,3.100703543842677,0.0]",1.0
158,734,222,4,3,mar,mon,87.6,52.2,103.8,5.0,11.0,46,5.8,0.0,1,3,1,3.0,"[4.0,3.0,87.6,3.0,3.0,52.2,103.8,5.0,11.0,46.0,5.8,0.0]","[1.7142179976190672,2.389428877963036,48.41579157717805,1.291791178236688,1.5311039809319404,0.9242397327296541,0.41485521960459965,1.4322791978768825,1.8705581500005417,3.132792160185833,3.6702205212831682,0.0]",1.0
159,740,228,4,6,sep,sun,93.5,149.3,728.6,8.1,28.3,26,3.1,0.0,1,9,1,0.0,"[4.0,6.0,93.5,9.0,0.0,149.3,728.6,8.1,28.3,26.0,3.1,0.0]","[1.7142179976190672,4.778857755926072,51.67667251673684,3.875373534710064,0.0,2.6434672815428613,2.911979894064656,2.3202923005605496,4.812435967728667,1.7707086122789488,1.9616695889616935,0.0]",1.0
160,743,231,1,5,sep,sun,93.5,149.3,728.6,8.1,27.8,27,3.1,0.0,1,9,1,0.0,"[1.0,5.0,93.5,9.0,0.0,149.3,728.6,8.1,27.8,27.0,3.1,0.0]","[0.4285544994047668,3.982381463271727,51.67667251673684,3.875373534710064,0.0,2.6434672815428613,2.911979894064656,2.3202923005605496,4.727410597274097,1.8388127896742932,1.9616695889616935,0.0]",1.0
161,748,236,2,2,sep,sat,92.5,121.1,674.4,8.6,18.2,46,1.8,0.0,1,9,1,2.0,"[2.0,2.0,92.5,9.0,2.0,121.1,674.4,8.6,18.2,46.0,1.8,0.0]","[0.8571089988095336,1.5929525853086908,51.12398083206586,3.875373534710064,1.0207359872879602,2.144165356964772,2.6953599239050288,2.463520220348238,3.0949234845463507,3.132792160185833,1.1390339548809834,0.0]",1.0
162,750,238,6,5,sep,sat,92.5,121.1,674.4,8.6,25.1,27,4.0,0.0,1,9,1,2.0,"[6.0,5.0,92.5,9.0,2.0,121.1,674.4,8.6,25.1,27.0,4.0,0.0]","[2.571326996428601,3.982381463271727,51.12398083206586,3.875373534710064,1.0207359872879602,2.144165356964772,2.6953599239050288,2.463520220348238,4.2682735968194185,1.8388127896742932,2.531186566402185,0.0]",1.0
163,754,242,2,4,aug,sun,94.2,122.3,589.9,12.9,15.4,66,4.0,0.0,1,8,1,0.0,"[2.0,4.0,94.2,8.0,0.0,122.3,589.9,12.9,15.4,66.0,4.0,0.0]","[0.8571089988095336,3.1859051706173815,52.063556696006536,3.4447764752978345,0.0,2.1654122473723505,2.3576405977336545,3.695280330522357,2.6187814100007585,4.494875708092716,2.531186566402185,0.0]",1.0
164,755,243,7,4,aug,sun,91.8,175.1,700.7,13.8,21.9,73,7.6,1.0,0,8,0,0.0,"[7.0,4.0,91.8,8.0,0.0,175.1,700.7,13.8,21.9,73.0,7.6,1.0]","[2.9998814958333675,3.1859051706173815,50.737096652796176,3.4447764752978345,0.0,3.1002754253057936,2.8004725662518593,3.953090586140196,3.7241112259101694,4.971604949860126,4.809254476164152,3.0499560800767083]",0.0
165,761,249,3,4,aug,wed,93.1,157.3,666.7,13.5,21.7,40,0.4,0.0,1,8,1,6.0,"[3.0,4.0,93.1,8.0,6.0,157.3,666.7,13.5,21.7,40.0,0.4,0.0]","[1.2856634982143005,3.1859051706173815,51.45559584286845,3.4447764752978345,3.062207961863881,2.7851132175933833,2.664585500100064,3.867153834267583,3.6901010777283414,2.7241670958137676,0.25311865664021854,0.0]",1.0
166,768,256,8,6,aug,sat,94.2,117.2,581.1,11.0,23.9,41,2.2,0.0,1,8,1,2.0,"[8.0,6.0,94.2,8.0,2.0,117.2,581.1,11.0,23.9,41.0,2.2,0.0]","[3.4284359952381345,4.778857755926072,52.063556696006536,3.4447764752978345,1.0207359872879602,2.075112963140143,2.3224698276708367,3.1510142353291415,4.06421270772845,2.7922712732091117,1.392152611521202,0.0]",1.0
167,769,257,4,3,aug,sat,94.2,117.2,581.1,11.0,21.4,44,2.7,0.0,1,8,1,2.0,"[4.0,3.0,94.2,8.0,2.0,117.2,581.1,11.0,21.4,44.0,2.7,0.0]","[1.7142179976190672,2.389428877963036,52.063556696006536,3.4447764752978345,1.0207359872879602,2.075112963140143,2.3224698276708367,3.1510142353291415,3.639085855455599,2.9965838053951446,1.7085509323214751,0.0]",1.0
168,776,264,4,4,aug,fri,94.3,167.6,684.4,13.0,21.8,53,3.1,0.0,1,8,1,1.0,"[4.0,4.0,94.3,8.0,1.0,167.6,684.4,13.0,21.8,53.0,3.1,0.0]","[1.7142179976190672,3.1859051706173815,52.11882586447363,3.4447764752978345,0.5103679936439801,2.9674823602584293,2.735326708067322,3.723925914479895,3.7071061518192554,3.6095214019532422,1.9616695889616935,0.0]",1.0
169,779,267,2,2,aug,tue,92.1,152.6,658.2,14.3,23.7,24,3.1,0.0,0,8,0,4.0,"[2.0,2.0,92.1,8.0,4.0,152.6,658.2,14.3,23.7,24.0,3.1,0.0]","[0.8571089988095336,1.5929525853086908,50.902904158197465,3.4447764752978345,2.0414719745759204,2.7018962301637015,2.630613733562115,4.096318505927885,4.0302025595466215,1.6345002574882606,1.9616695889616935,0.0]",0.0
170,780,268,3,4,aug,tue,92.1,152.6,658.2,14.3,21.0,32,3.1,0.0,0,8,0,4.0,"[3.0,4.0,92.1,8.0,4.0,152.6,658.2,14.3,21.0,32.0,3.1,0.0]","[1.2856634982143005,3.1859051706173815,50.902904158197465,3.4447764752978345,2.0414719745759204,2.7018962301637015,2.630613733562115,4.096318505927885,3.5710655590919433,2.179333676651014,1.9616695889616935,0.0]",0.0
171,793,281,6,5,dec,tue,91.6,25.4,349.7,2.6,5.1,24,4.0,0.0,1,12,1,4.0,"[6.0,5.0,91.6,12.0,4.0,25.4,349.7,2.6,5.1,24.0,4.0,0.0]","[2.571326996428601,3.982381463271727,50.62655831586198,5.167164712946752,2.0414719745759204,0.44972584696040635,1.3976384421553805,0.744785182895979,0.8672587786366147,1.6345002574882606,2.531186566402185,0.0]",1.0
172,796,284,5,4,feb,fri,91.6,4.9,15.8,6.3,7.5,46,8.0,0.0,1,2,1,1.0,"[5.0,4.0,91.6,2.0,1.0,4.9,15.8,6.3,7.5,46.0,8.0,0.0]","[2.142772497023834,3.1859051706173815,50.62655831586198,0.8611941188244586,0.5103679936439801,0.08675813583094455,0.06314751897642269,1.804671789324872,1.2753805568185512,3.132792160185833,5.06237313280437,0.0]",1.0
173,798,286,7,6,jul,wed,91.2,183.1,437.7,12.5,12.6,42,7.6,0.2,0,7,0,6.0,"[7.0,6.0,91.2,7.0,6.0,183.1,437.7,12.5,12.6,42.0,7.6,0.2]","[2.9998814958333675,4.778857755926072,50.40548164199359,3.014179415885605,3.062207961863881,3.241921361356315,1.7493461427835575,3.5806979946922066,2.142639335455166,2.860375450604456,4.809254476164152,0.6099912160153417]",0.0
174,802,290,2,5,jul,sat,91.6,104.2,474.9,9.0,18.7,53,1.8,0.0,0,7,0,2.0,"[2.0,5.0,91.6,7.0,2.0,104.2,474.9,9.0,18.7,53.0,1.8,0.0]","[0.8571089988095336,3.982381463271727,50.62655831586198,3.014179415885605,1.0207359872879602,1.8449383170580451,1.8980225798672867,2.5781025561783886,3.1799488550009207,3.6095214019532422,1.1390339548809834,0.0]",1.0
175,815,303,3,6,jun,fri,91.1,94.1,232.1,7.1,19.2,38,4.5,0.0,0,6,0,1.0,"[3.0,6.0,91.1,6.0,1.0,94.1,232.1,7.1,19.2,38.0,4.5,0.0]","[1.2856634982143005,4.778857755926072,50.35021247352648,2.583582356473376,0.5103679936439801,1.6661103227942613,0.9276290604068167,2.033836460985173,3.2649742254554908,2.5879587410230793,2.847584887202458,0.0]",0.0
176,822,310,7,4,sep,sun,92.4,105.8,758.1,9.9,25.3,27,2.7,0.0,0,9,0,0.0,"[7.0,4.0,92.4,9.0,0.0,105.8,758.1,9.9,25.3,27.0,2.7,0.0]","[2.9998814958333675,3.1859051706173815,51.06871166359877,3.875373534710064,0.0,1.8732675042681495,3.02988190734342,2.8359128117962276,4.3022837450012466,1.8388127896742932,1.7085509323214751,0.0]",0.0
177,825,313,6,5,sep,wed,92.6,115.4,777.1,8.8,24.3,27,4.9,0.0,0,9,0,6.0,"[6.0,5.0,92.6,9.0,6.0,115.4,777.1,8.8,24.3,27.0,4.9,0.0]","[2.571326996428601,3.982381463271727,51.17925000053296,3.875373534710064,3.062207961863881,2.0432426275287754,3.1058187972517763,2.5208113882633136,4.132233004092106,1.8388127896742932,3.100703543842677,0.0]",0.0
178,832,320,6,3,sep,thu,92.8,119.0,783.5,7.5,18.9,34,7.2,0.0,1,9,1,5.0,"[6.0,3.0,92.8,9.0,5.0,119.0,783.5,7.5,18.9,34.0,7.2,0.0]","[2.571326996428601,2.389428877963036,51.28978833746716,3.875373534710064,2.5518399682199004,2.1069832987515102,3.131397539115644,2.148418796815324,3.2139590031827487,2.3155420314417023,4.556135819523933,0.0]",1.0
179,853,341,8,6,sep,mon,91.9,111.7,770.3,6.5,15.7,51,2.2,0.0,0,9,0,3.0,"[8.0,6.0,91.9,9.0,3.0,111.7,770.3,6.5,15.7,51.0,2.2,0.0]","[3.4284359952381345,4.778857755926072,50.792365821263274,3.875373534710064,1.5311039809319404,1.9777313821054092,3.078641384021417,1.8619629572399474,2.6697966322735005,3.4733130471625535,1.392152611521202,0.0]",0.0
180,854,342,6,3,sep,mon,91.5,130.1,807.1,7.5,20.6,37,1.8,0.0,0,9,0,3.0,"[6.0,3.0,91.5,9.0,3.0,130.1,807.1,7.5,20.6,37.0,1.8,0.0]","[2.571326996428601,2.389428877963036,50.57128914739488,3.875373534710064,1.5311039809319404,2.303517035021609,3.225719149738655,2.148418796815324,3.5030452627282873,2.519854563627735,1.1390339548809834,0.0]",0.0
181,861,349,5,4,sep,fri,92.1,99.0,745.3,9.6,12.8,64,3.6,0.0,1,9,1,1.0,"[5.0,4.0,92.1,9.0,1.0,99.0,745.3,9.6,12.8,64.0,3.6,0.0]","[2.142772497023834,3.1859051706173815,50.902904158197465,3.875373534710064,0.5103679936439801,1.752868458625206,2.978724423615685,2.7499760599236143,2.1766494836369943,4.358667353302028,2.2780679097619667,0.0]",1.0
182,862,350,5,4,sep,fri,92.1,99.0,745.3,9.6,10.1,75,3.6,0.0,1,9,1,1.0,"[5.0,4.0,92.1,9.0,1.0,99.0,745.3,9.6,10.1,75.0,3.6,0.0]","[2.142772497023834,3.1859051706173815,50.902904158197465,3.875373534710064,0.5103679936439801,1.752868458625206,2.978724423615685,2.7499760599236143,1.7175124831823156,5.107813304650814,2.2780679097619667,0.0]",0.0
183,868,356,4,4,sep,fri,92.1,99.0,745.3,9.6,20.8,35,4.9,0.0,1,9,1,1.0,"[4.0,4.0,92.1,9.0,1.0,99.0,745.3,9.6,20.8,35.0,4.9,0.0]","[1.7142179976190672,3.1859051706173815,50.902904158197465,3.875373534710064,0.5103679936439801,1.752868458625206,2.978724423615685,2.7499760599236143,3.5370554109101153,2.3836462088370465,3.100703543842677,0.0]",1.0
184,880,368,6,5,sep,sat,91.2,94.3,744.4,8.4,16.8,47,4.9,0.0,1,9,1,2.0,"[6.0,5.0,91.2,9.0,2.0,94.3,744.4,8.4,16.8,47.0,4.9,0.0]","[2.571326996428601,3.982381463271727,50.40548164199359,3.875373534710064,1.0207359872879602,1.6696514711955244,2.9751274130410787,2.406229052433163,2.8568524472735546,3.200896337581177,3.100703543842677,0.0]",1.0
185,882,370,7,4,sep,sun,91.0,108.3,825.1,7.1,13.8,77,7.6,0.0,1,9,1,0.0,"[7.0,4.0,91.0,9.0,0.0,108.3,825.1,7.1,13.8,77.0,7.6,0.0]","[2.9998814958333675,3.1859051706173815,50.29494330505939,3.875373534710064,0.0,1.9175318592839374,3.297659361230782,2.033836460985173,2.3467002245461344,5.244021659441502,4.809254476164152,0.0]",1.0
186,894,382,8,6,aug,wed,95.2,217.7,690.0,8.4,28.2,29,1.8,0.0,1,8,1,6.0,"[8.0,6.0,95.2,8.0,6.0,217.7,690.0,8.4,28.2,29.0,1.8,0.0]","[3.4284359952381345,4.778857755926072,52.61624838067752,3.4447764752978345,3.062207961863881,3.8545400347748213,2.757708107198206,2.406229052433163,4.795430893637753,1.9750211444649814,1.1390339548809834,0.0]",1.0
187,895,383,9,6,aug,thu,91.6,248.4,753.8,6.3,20.5,58,2.7,0.0,1,8,1,5.0,"[9.0,6.0,91.6,8.0,5.0,248.4,753.8,6.3,20.5,58.0,2.7,0.0]","[3.8569904946429014,4.778857755926072,50.62655831586198,3.4447764752978345,2.5518399682199004,4.3981063143686985,3.0126961901536338,1.804671789324872,3.4860401886373733,3.950042288929963,1.7085509323214751,0.0]",1.0
188,903,391,8,6,sep,fri,91.1,91.3,738.1,7.2,20.7,46,2.7,0.0,1,9,1,1.0,"[8.0,6.0,91.1,9.0,1.0,91.3,738.1,7.2,20.7,46.0,2.7,0.0]","[3.4284359952381345,4.778857755926072,50.35021247352648,3.875373534710064,0.5103679936439801,1.6165342451765787,2.9499483390188344,2.062482044942711,3.5200503368192013,3.132792160185833,1.7085509323214751,0.0]",1.0
189,908,396,4,3,sep,sun,90.5,96.7,750.5,11.4,20.4,55,4.9,0.0,1,9,1,0.0,"[4.0,3.0,90.5,9.0,0.0,96.7,750.5,11.4,20.4,55.0,4.9,0.0]","[1.7142179976190672,2.389428877963036,50.018597462723896,3.875373534710064,0.0,1.712145252010681,2.9995071513800773,3.2655965711592922,3.469035114546459,3.7457297567439305,3.100703543842677,0.0]",1.0
190,909,397,5,6,aug,sun,91.6,181.3,613.0,7.6,24.3,33,3.6,0.0,1,8,1,0.0,"[5.0,6.0,91.6,8.0,0.0,181.3,613.0,7.6,24.3,33.0,3.6,0.0]","[2.142772497023834,4.778857755926072,50.62655831586198,3.4447764752978345,0.0,3.2100510257449484,2.449963869148551,2.1770643807728614,4.132233004092106,2.247437854046358,2.2780679097619667,0.0]",1.0
191,913,401,3,4,sep,thu,91.1,88.2,731.7,8.3,22.8,46,4.0,0.0,1,9,1,5.0,"[3.0,4.0,91.1,9.0,5.0,88.2,731.7,8.3,22.8,46.0,4.0,0.0]","[1.2856634982143005,3.1859051706173815,50.35021247352648,3.875373534710064,2.5518399682199004,1.5616464449570018,2.9243695971549672,2.3775834684756254,3.877156892728396,3.132792160185833,2.531186566402185,0.0]",1.0
192,917,405,2,2,aug,tue,94.6,212.1,680.9,9.5,27.9,27,2.2,0.0,0,8,0,4.0,"[2.0,2.0,94.6,8.0,4.0,212.1,680.9,9.5,27.9,27.0,2.2,0.0]","[0.8571089988095336,1.5929525853086908,52.28463336987492,3.4447764752978345,2.0414719745759204,3.7553878795394566,2.721338333610519,2.721330475966077,4.74441567136501,1.8388127896742932,1.392152611521202,0.0]",1.0
193,920,408,4,3,sep,fri,90.3,108.3,855.3,7.4,19.9,44,3.1,0.0,1,9,1,1.0,"[4.0,3.0,90.3,9.0,1.0,108.3,855.3,7.4,19.9,44.0,3.1,0.0]","[1.7142179976190672,2.389428877963036,49.9080591257897,3.875373534710064,0.5103679936439801,1.9175318592839374,3.418359049400906,2.1197732128577864,3.384009744091889,2.9965838053951446,1.9616695889616935,0.0]",1.0
194,921,409,1,4,jul,tue,92.3,96.2,450.2,12.1,23.4,31,5.4,0.0,0,7,0,4.0,"[1.0,4.0,92.3,7.0,4.0,96.2,450.2,12.1,23.4,31.0,5.4,0.0]","[0.4285544994047668,3.1859051706173815,51.01344249513166,3.014179415885605,2.0414719745759204,1.7032923810075236,1.7993046229864236,3.466115658862056,3.9791873372738795,2.11122949925567,3.4171018646429503,0.0]",0.0
195,929,417,6,5,mar,wed,93.4,17.3,28.3,9.9,13.8,24,5.8,0.0,0,3,0,6.0,"[6.0,5.0,93.4,3.0,6.0,17.3,28.3,9.9,13.8,24.0,5.8,0.0]","[2.571326996428601,3.982381463271727,51.62140334826975,1.291791178236688,3.062207961863881,0.3063093367092532,0.11310599917928874,2.8359128117962276,2.3467002245461344,1.6345002574882606,3.6702205212831682,0.0]",0.0
196,930,418,2,4,aug,sun,92.0,203.2,664.5,8.1,24.9,42,5.4,0.0,1,8,1,0.0,"[2.0,4.0,92.0,8.0,0.0,203.2,664.5,8.1,24.9,42.0,5.4,0.0]","[0.8571089988095336,3.1859051706173815,50.84763498973037,3.4447764752978345,0.0,3.597806775683251,2.655792807584359,2.3202923005605496,4.23426344863759,2.860375450604456,3.4171018646429503,0.0]",1.0
197,931,419,2,5,aug,sun,91.6,181.3,613.0,7.6,24.8,36,4.0,0.0,1,8,1,0.0,"[2.0,5.0,91.6,8.0,0.0,181.3,613.0,7.6,24.8,36.0,4.0,0.0]","[0.8571089988095336,3.982381463271727,50.62655831586198,3.4447764752978345,0.0,3.2100510257449484,2.449963869148551,2.1770643807728614,4.217258374546676,2.4517503862323906,2.531186566402185,0.0]",1.0
198,935,423,1,3,sep,sat,91.2,94.3,744.4,8.4,22.3,48,4.0,0.0,1,9,1,2.0,"[1.0,3.0,91.2,9.0,2.0,94.3,744.4,8.4,22.3,48.0,4.0,0.0]","[0.4285544994047668,2.389428877963036,50.40548164199359,3.875373534710064,1.0207359872879602,1.6696514711955244,2.9751274130410787,2.406229052433163,3.7921315222738254,3.269000514976521,2.531186566402185,0.0]",1.0
199,944,432,8,6,aug,thu,94.8,222.4,698.6,13.9,23.9,38,6.7,0.0,0,8,0,5.0,"[8.0,6.0,94.8,8.0,5.0,222.4,698.6,13.9,23.9,38.0,6.7,0.0]","[3.4284359952381345,4.778857755926072,52.395171706809116,3.4447764752978345,2.5518399682199004,3.9377570222045035,2.7920795415777775,3.981736170097734,4.06421270772845,2.5879587410230793,4.2397374987236605,0.0]",0.0
200,946,434,1,4,aug,fri,90.6,108.3,811.2,5.5,22.2,45,3.6,0.0,0,8,0,1.0,"[1.0,4.0,90.6,8.0,1.0,108.3,811.2,5.5,22.2,45.0,3.6,0.0]","[0.4285544994047668,3.1859051706173815,50.073866631190995,3.4447764752978345,0.5103679936439801,1.9175318592839374,3.242105531245195,1.5755071176645707,3.7751264481829114,3.0646879827904887,2.2780679097619667,0.0]",0.0
201,948,436,8,6,aug,mon,92.1,207.0,672.6,8.2,26.8,35,1.3,0.0,1,8,1,3.0,"[8.0,6.0,92.1,8.0,3.0,207.0,672.6,8.2,26.8,35.0,1.3,0.0]","[3.4284359952381345,4.778857755926072,50.902904158197465,3.4447764752978345,1.5311039809319404,3.6650885953072487,2.6881659027558165,2.348937884518087,4.557359856364957,2.3836462088370465,0.8226356340807102,0.0]",1.0
202,957,445,5,5,aug,sun,94.0,47.9,100.7,10.7,17.3,80,4.5,0.0,0,8,0,0.0,"[5.0,5.0,94.0,8.0,0.0,47.9,100.7,10.7,17.3,80.0,4.5,0.0]","[2.142772497023834,3.982381463271727,51.95301835907234,3.4447764752978345,0.0,0.8481050421024986,0.40246551651428886,3.0650774834565286,2.941877817728125,5.448334191627535,2.847584887202458,0.0]",0.0
203,966,454,3,4,aug,thu,91.6,248.4,753.8,6.3,16.8,56,3.1,0.0,0,8,0,5.0,"[3.0,4.0,91.6,8.0,5.0,248.4,753.8,6.3,16.8,56.0,3.1,0.0]","[1.2856634982143005,3.1859051706173815,50.62655831586198,3.4447764752978345,2.5518399682199004,4.3981063143686985,3.0126961901536338,1.804671789324872,2.8568524472735546,3.8138339341392746,1.9616695889616935,0.0]",0.0
204,974,462,1,4,sep,sun,91.0,108.3,825.1,7.1,14.5,76,7.6,0.0,1,9,1,0.0,"[1.0,4.0,91.0,9.0,0.0,108.3,825.1,7.1,14.5,76.0,7.6,0.0]","[0.4285544994047668,3.1859051706173815,50.29494330505939,3.875373534710064,0.0,1.9175318592839374,3.297659361230782,2.033836460985173,2.4657357431825324,5.175917482046159,4.809254476164152,0.0]",1.0
205,978,466,6,5,mar,mon,87.2,15.1,36.9,7.1,10.2,45,5.8,0.0,1,3,1,3.0,"[6.0,5.0,87.2,3.0,3.0,15.1,36.9,7.1,10.2,45.0,5.8,0.0]","[2.571326996428601,3.982381463271727,48.19471490330966,1.291791178236688,1.5311039809319404,0.2673567042953597,0.14747743355886056,2.033836460985173,1.7345175572732294,3.0646879827904887,3.6702205212831682,0.0]",0.0
206,991,479,7,4,jul,mon,89.2,103.9,431.6,6.4,22.6,57,4.9,0.0,1,7,1,3.0,"[7.0,4.0,89.2,7.0,3.0,103.9,431.6,6.4,22.6,57.0,4.9,0.0]","[2.9998814958333675,3.1859051706173815,49.300098272651624,3.014179415885605,1.5311039809319404,1.8396265944561507,1.724966404444559,1.8333173732824097,3.843146744546568,3.8819381115346188,3.100703543842677,0.0]",0.0
207,993,481,4,3,jul,thu,93.2,114.4,560.0,9.5,30.2,22,4.9,0.0,0,7,0,5.0,"[4.0,3.0,93.2,7.0,5.0,114.4,560.0,9.5,30.2,22.0,4.9,0.0]","[1.7142179976190672,2.389428877963036,51.510865011335554,3.014179415885605,2.5518399682199004,2.0255368855224605,2.238139913088399,2.721330475966077,5.135532375456033,1.4982919026975723,3.100703543842677,0.0]",0.0
208,997,485,2,4,aug,mon,95.0,135.5,596.3,8.4,30.6,28,3.6,0.0,1,8,1,3.0,"[2.0,4.0,95.0,8.0,3.0,135.5,596.3,8.4,30.6,28.0,3.6,0.0]","[0.8571089988095336,3.1859051706173815,52.50571004374332,3.4447764752978345,1.5311039809319404,2.399128041855711,2.3832193395975216,2.406229052433163,5.203552671819689,1.9069169670696373,2.2780679097619667,0.0]",1.0
209,1001,489,4,4,aug,wed,95.1,141.3,605.8,8.4,20.6,58,1.3,0.0,0,8,0,6.0,"[4.0,4.0,95.1,8.0,6.0,141.3,605.8,8.4,20.6,58.0,1.3,0.0]","[1.7142179976190672,3.1859051706173815,52.56097921221041,3.4447764752978345,3.062207961863881,2.5018213454923397,2.4211877845517,2.406229052433163,3.5030452627282873,3.950042288929963,0.8226356340807102,0.0]",0.0
210,1004,492,1,3,aug,fri,95.9,158.0,633.6,11.3,32.4,27,2.2,0.0,0,8,0,1.0,"[1.0,3.0,95.9,8.0,1.0,158.0,633.6,11.3,32.4,27.0,2.2,0.0]","[0.4285544994047668,2.389428877963036,53.003132559947204,3.4447764752978345,0.5103679936439801,2.7975072369978036,2.5322954445228745,3.236950987201755,5.509644005456141,1.8388127896742932,1.392152611521202,0.0]",0.0
211,1005,493,1,3,aug,fri,95.9,158.0,633.6,11.3,27.5,29,4.5,0.0,1,8,1,1.0,"[1.0,3.0,95.9,8.0,1.0,158.0,633.6,11.3,27.5,29.0,4.5,0.0]","[0.4285544994047668,2.389428877963036,53.003132559947204,3.4447764752978345,0.5103679936439801,2.7975072369978036,2.5322954445228745,3.236950987201755,4.676395375001355,1.9750211444649814,2.847584887202458,0.0]",1.0
212,1006,494,6,6,aug,sat,96.0,164.0,643.0,14.0,30.8,30,4.9,0.0,1,8,1,2.0,"[6.0,6.0,96.0,8.0,2.0,164.0,643.0,14.0,30.8,30.0,4.9,0.0]","[2.571326996428601,4.778857755926072,53.058401728414296,3.4447764752978345,1.0207359872879602,2.903741689035695,2.5698642216354295,4.010381754055271,5.237562820001517,2.043125321860326,3.100703543842677,0.0]",1.0
213,1021,509,5,4,aug,fri,91.0,166.9,752.6,7.1,21.1,71,7.6,1.4,1,8,1,1.0,"[5.0,4.0,91.0,8.0,1.0,166.9,752.6,7.1,21.1,71.0,7.6,1.4]","[2.142772497023834,3.1859051706173815,50.29494330505939,3.4447764752978345,0.5103679936439801,2.955088340854009,3.007900176054159,2.033836460985173,3.588070633182858,4.8353965950694375,4.809254476164152,4.269938512107391]",1.0
214,1022,510,6,5,aug,fri,91.0,166.9,752.6,7.1,18.2,62,5.4,0.0,1,8,1,1.0,"[6.0,5.0,91.0,8.0,1.0,166.9,752.6,7.1,18.2,62.0,5.4,0.0]","[2.571326996428601,3.982381463271727,50.29494330505939,3.4447764752978345,0.5103679936439801,2.955088340854009,3.007900176054159,2.033836460985173,3.0949234845463507,4.22245899851134,3.4171018646429503,0.0]",1.0
