id1,id2,X,Y,month,day,FFMC,DMC,DC,ISI,temp,RH,wind,rain,fire,month nominal,label,dayIndex,features,normFeatures,prediction
0,4,5,8,6,aug,sun,92.3,85.3,488.0,14.7,22.2,29,5.4,0.0,0,8,0,0.0,"[8.0,6.0,92.3,8.0,0.0,85.3,488.0,14.7,22.2,29.0,5.4,0.0]","[0.010541573329819474,0.007906179997364605,0.12162340229279218,0.010541573329819474,0.0,0.11239952562920014,0.643035973118988,0.019370140993543283,0.029252865990249042,0.03821320332059559,0.007115561997628145,0.0]",0.0
1,7,8,8,6,sep,tue,91.0,129.5,692.6,7.0,13.1,63,5.4,0.0,0,9,0,4.0,"[8.0,6.0,91.0,9.0,4.0,129.5,692.6,7.0,13.1,63.0,5.4,0.0]","[0.007777561734396266,0.0058331713007971995,0.08846976472875752,0.008749756951195798,0.003888780867198133,0.12589928057553956,0.6733424071553568,0.006805366517596732,0.012735757340073884,0.061248298658370594,0.00524985417071748,0.0]",1.0
2,13,14,6,5,sep,wed,92.9,133.3,699.6,9.2,26.4,21,4.5,0.0,0,9,0,6.0,"[6.0,5.0,92.9,9.0,6.0,133.3,699.6,9.2,26.4,21.0,4.5,0.0]","[0.005923585743903642,0.004936321453253035,0.0917168526014414,0.008885378615855463,0.005923585743903642,0.13160232994372595,0.6906900977391648,0.009082831473985585,0.026063777273176027,0.020732550103662747,0.004442689307927732,0.0]",0.0
3,19,22,7,4,jun,sun,94.3,96.3,200.0,8.4,21.0,44,4.5,0.0,0,6,0,0.0,"[7.0,4.0,94.3,6.0,0.0,96.3,200.0,8.4,21.0,44.0,4.5,0.0]","[0.014418125643666324,0.008238928939237899,0.19423274974253346,0.012358393408856848,0.0,0.1983522142121524,0.411946446961895,0.01730175077239959,0.04325437693099897,0.09062821833161688,0.009268795056642637,0.0]",0.0
4,29,33,6,3,sep,sun,91.7,75.6,718.3,7.8,17.7,39,3.6,0.0,0,9,0,0.0,"[6.0,3.0,91.7,9.0,0.0,75.6,718.3,7.8,17.7,39.0,3.6,0.0]","[0.006174745291756716,0.003087372645878358,0.09437069054234846,0.009262117937635074,0.0,0.0778017906761346,0.7392199238448081,0.00802716887928373,0.01821549861068231,0.04013584439641865,0.0037048471750540293,0.0]",0.0
5,30,34,6,3,sep,mon,91.8,78.5,724.3,9.2,21.2,32,2.7,0.0,0,9,0,3.0,"[6.0,3.0,91.8,9.0,3.0,78.5,724.3,9.2,21.2,32.0,2.7,0.0]","[0.0061180789232181095,0.0030590394616090547,0.09360660752523707,0.009177118384827165,0.0030590394616090547,0.0800448659121036,0.7385540940144794,0.009381054348934433,0.02161721219537065,0.032629754257163246,0.0027531355154481493,0.0]",0.0
6,31,35,6,3,sep,tue,90.3,80.7,730.2,6.3,18.2,62,4.5,0.0,0,9,0,4.0,"[6.0,3.0,90.3,9.0,4.0,80.7,730.2,6.3,18.2,62.0,4.5,0.0]","[0.005915992900808519,0.0029579964504042595,0.08903569315716821,0.008873989351212778,0.003943995267205679,0.07957010451587458,0.7199763360283967,0.006211792545848945,0.01794517846578584,0.061131926641688025,0.004436994675606389,0.0]",0.0
7,36,40,4,4,jul,tue,91.6,60.6,366.7,1.5,23.3,37,3.1,0.0,0,7,0,4.0,"[4.0,4.0,91.6,7.0,4.0,60.6,366.7,1.5,23.3,37.0,3.1,0.0]","[0.006635700066357001,0.006635700066357001,0.1519575315195753,0.011612475116124753,0.006635700066357001,0.10053085600530857,0.6083278035832781,0.0024883875248838754,0.038652952886529535,0.06138022561380226,0.005142667551426676,0.0]",0.0
8,47,51,4,3,aug,sun,90.2,99.6,631.2,6.3,21.5,34,2.2,0.0,0,8,0,0.0,"[4.0,3.0,90.2,8.0,0.0,99.6,631.2,6.3,21.5,34.0,2.2,0.0]","[0.0044444444444444444,0.0033333333333333335,0.10022222222222223,0.008888888888888889,0.0,0.11066666666666666,0.7013333333333334,0.007,0.02388888888888889,0.03777777777777778,0.002444444444444445,0.0]",0.0
9,50,54,4,3,aug,thu,91.7,114.3,661.3,6.3,17.6,45,3.6,0.0,0,8,0,5.0,"[4.0,3.0,91.7,8.0,5.0,114.3,661.3,6.3,17.6,45.0,3.6,0.0]","[0.004167534903104814,0.0031256511773286103,0.09554073765367786,0.008335069806209627,0.005209418628881017,0.11908730985622004,0.6889977078558033,0.006563867472390081,0.018337153573661183,0.046884767659929154,0.0037507814127943325,0.0]",0.0
10,51,55,4,3,sep,thu,92.9,137.0,706.4,9.2,27.7,24,2.2,0.0,0,9,0,5.0,"[4.0,3.0,92.9,9.0,5.0,137.0,706.4,9.2,27.7,24.0,2.2,0.0]","[0.003920031360250881,0.002940023520188161,0.09104272834182674,0.008820070560564483,0.004900039200313602,0.1342610740885927,0.6922775382203057,0.009016072128577027,0.027146217169737356,0.02352018816150529,0.002156017248137985,0.0]",0.0
11,58,62,2,2,aug,thu,93.0,75.3,466.6,7.7,18.8,35,4.9,0.0,0,8,0,5.0,"[2.0,2.0,93.0,8.0,5.0,75.3,466.6,7.7,18.8,35.0,4.9,0.0]","[0.0027843519420854795,0.0027843519420854795,0.12947236530697478,0.011137407768341918,0.006960879855213698,0.10483085061951829,0.6495893080885423,0.010719754977029096,0.026172908255603505,0.04872615898649589,0.0068216622581094245,0.0]",0.0
12,61,65,2,2,aug,thu,91.7,114.3,661.3,6.3,18.6,44,4.5,0.0,0,8,0,5.0,"[2.0,2.0,91.7,8.0,5.0,114.3,661.3,6.3,18.6,44.0,4.5,0.0]","[0.0020883366398663466,0.0020883366398663466,0.09575023493787199,0.008353346559465387,0.005220841599665867,0.11934843896836171,0.6905085099718075,0.006578260415578991,0.019421530750757025,0.04594340607705963,0.00469875743969928,0.0]",1.0
13,64,68,2,2,sep,fri,92.4,117.9,668.0,12.2,19.6,33,6.3,0.0,0,9,0,1.0,"[2.0,2.0,92.4,9.0,1.0,117.9,668.0,12.2,19.6,33.0,6.3,0.0]","[0.002075980900975711,0.002075980900975711,0.09591031762507786,0.0093419140543907,0.0010379904504878555,0.12237907411251818,0.6933776209258875,0.012663483495951837,0.02034461282956197,0.034253684866099234,0.00653933983807349,0.0]",0.0
14,67,71,4,5,sep,fri,94.3,85.1,692.3,15.9,17.7,37,3.6,0.0,0,9,0,1.0,"[4.0,5.0,94.3,9.0,1.0,85.1,692.3,15.9,17.7,37.0,3.6,0.0]","[0.004145507306456628,0.005181884133070785,0.097730334749715,0.009327391439527412,0.001036376826614157,0.08819566794486475,0.7174836770649808,0.016478391543165095,0.018343869831070576,0.038345942584723805,0.003730956575810965,0.0]",0.0
15,73,77,1,3,mar,mon,87.6,52.2,103.8,5.0,8.3,72,3.1,0.0,0,3,0,3.0,"[1.0,3.0,87.6,3.0,3.0,52.2,103.8,5.0,8.3,72.0,3.1,0.0]","[0.002923976608187134,0.008771929824561401,0.25614035087719295,0.008771929824561401,0.008771929824561401,0.1526315789473684,0.3035087719298245,0.01461988304093567,0.024269005847953214,0.21052631578947364,0.009064327485380115,0.0]",0.0
16,75,79,1,2,aug,tue,91.0,121.2,561.6,7.0,21.6,19,6.7,0.0,0,8,0,4.0,"[1.0,2.0,91.0,8.0,4.0,121.2,561.6,7.0,21.6,19.0,6.7,0.0]","[0.0011860989206499823,0.0023721978412999645,0.10793500177914837,0.009488791365199858,0.004744395682599929,0.14375518918277785,0.6661131538370301,0.008302692444549875,0.025619736686039618,0.022535879492349663,0.00794686276835488,0.0]",0.0
17,80,84,1,2,aug,thu,91.7,114.3,661.3,6.3,20.2,45,3.6,0.0,0,8,0,5.0,"[1.0,2.0,91.7,8.0,5.0,114.3,661.3,6.3,20.2,45.0,3.6,0.0]","[0.001043405676126878,0.002086811352253756,0.09568030050083473,0.008347245409015025,0.005217028380634391,0.11926126878130217,0.6900041736227045,0.006573455759599332,0.021076794657762937,0.046953255425709516,0.0037562604340567614,0.0]",1.0
18,81,85,1,2,sep,thu,92.9,137.0,706.4,9.2,21.5,15,0.9,0.0,0,9,0,5.0,"[1.0,2.0,92.9,9.0,5.0,137.0,706.4,9.2,21.5,15.0,0.9,0.0]","[0.001000100010001,0.002000200020002,0.09290929092909292,0.009000900090009001,0.005000500050005001,0.13701370137013702,0.7064706470647064,0.0092009200920092,0.0215021502150215,0.015001500150015001,0.0009000900090009002,0.0]",0.0
19,82,86,1,2,sep,thu,92.9,137.0,706.4,9.2,25.4,27,2.2,0.0,0,9,0,5.0,"[1.0,2.0,92.9,9.0,5.0,137.0,706.4,9.2,25.4,27.0,2.2,0.0]","[0.000983187493855078,0.001966374987710156,0.09133811817913677,0.008848687444695703,0.004915937469275391,0.13469668665814571,0.6945236456592272,0.009045324943466718,0.024972962343918985,0.02654606233408711,0.002163012486481172,0.0]",0.0
20,89,93,8,6,aug,sun,91.4,142.4,601.4,10.6,18.2,43,4.9,0.0,0,8,0,0.0,"[8.0,6.0,91.4,8.0,0.0,142.4,601.4,10.6,18.2,43.0,4.9,0.0]","[0.008566227647499732,0.0064246707356247984,0.09786915087268444,0.008566227647499732,0.0,0.15247885212549522,0.6439661634007923,0.011350251632937144,0.01948816789806189,0.04604347360531106,0.0052468144340935855,0.0]",0.0
21,90,94,8,6,aug,mon,91.1,103.2,638.8,5.8,23.4,22,2.7,0.0,0,8,0,3.0,"[8.0,6.0,91.1,8.0,3.0,103.2,638.8,5.8,23.4,22.0,2.7,0.0]","[0.008771929824561405,0.006578947368421053,0.09989035087719299,0.008771929824561405,0.0032894736842105266,0.11315789473684212,0.7004385964912281,0.006359649122807018,0.025657894736842105,0.024122807017543862,0.002960526315789474,0.0]",0.0
22,93,97,3,4,mar,sat,91.6,2.4,15.5,0.7,17.4,24,5.4,0.0,0,3,0,2.0,"[3.0,4.0,91.6,3.0,2.0,2.4,15.5,0.7,17.4,24.0,5.4,0.0]","[0.01775147928994083,0.023668639053254437,0.5420118343195266,0.01775147928994083,0.011834319526627219,0.014201183431952662,0.09171597633136094,0.004142011834319527,0.1029585798816568,0.14201183431952663,0.031952662721893496,0.0]",0.0
23,100,104,2,4,jan,sat,91.6,3.7,9.3,2.9,5.3,78,3.1,0.0,0,1,0,2.0,"[2.0,4.0,91.6,1.0,2.0,3.7,9.3,2.9,5.3,78.0,3.1,0.0]","[0.009857072449482503,0.019714144898965006,0.45145391818629865,0.0049285362247412515,0.009857072449482503,0.018235584031542632,0.04583538689009364,0.01429275505174963,0.026121241991128634,0.38442582552981763,0.015278462296697881,0.0]",0.0
24,131,135,3,5,aug,sat,93.5,139.4,594.2,8.4,17.6,52,5.8,0.0,0,8,0,2.0,"[3.0,5.0,93.5,8.0,2.0,139.4,594.2,8.4,17.6,52.0,5.8,0.0]","[0.0032296264398751213,0.005382710733125202,0.10065669070944128,0.008612337173000324,0.002153084293250081,0.15006997523953064,0.639681343524599,0.00904295403165034,0.018947141780600713,0.0559801916245021,0.006243944450425234,0.0]",0.0
25,142,146,5,4,mar,mon,90.1,39.7,86.6,6.2,13.2,40,5.4,0.0,1,3,1,3.0,"[5.0,4.0,90.1,3.0,3.0,39.7,86.6,6.2,13.2,40.0,5.4,0.0]","[0.016880486158001355,0.013504388926401083,0.3041863605671844,0.010128291694800813,0.010128291694800813,0.13403106009453075,0.29237002025658343,0.02093180283592168,0.04456448345712357,0.13504388926401084,0.018230925050641465,0.0]",1.0
26,143,147,8,3,sep,tue,91.6,73.4,671.9,3.2,24.2,28,3.6,0.0,1,9,1,4.0,"[8.0,3.0,91.6,9.0,4.0,73.4,671.9,3.2,24.2,28.0,3.6,0.0]","[0.008696597456245243,0.0032612240460919662,0.09957604087400802,0.009783672138275898,0.004348298728122622,0.07979128166105011,0.7304054788563973,0.0034786389824980977,0.02630720730514186,0.03043809109685835,0.00391346885531036,0.0]",1.0
27,146,150,6,5,jun,fri,92.5,56.4,433.3,7.1,23.2,39,5.4,0.0,1,6,1,1.0,"[6.0,5.0,92.5,6.0,1.0,56.4,433.3,7.1,23.2,39.0,5.4,0.0]","[0.00889020595643799,0.007408504963698325,0.137057341828419,0.00889020595643799,0.0014817009927396649,0.0835679359905171,0.6420210401540968,0.01052007704845162,0.03437546303156023,0.057786338716846936,0.00800118536079419,0.0]",1.0
28,147,151,9,9,jul,sun,90.1,68.6,355.2,7.2,24.8,29,2.2,0.0,1,7,1,0.0,"[9.0,9.0,90.1,7.0,0.0,68.6,355.2,7.2,24.8,29.0,2.2,0.0]","[0.014947683109118086,0.014947683109118086,0.14964291645905994,0.01162597575153629,0.0,0.11393456236505563,0.5899352267065271,0.01195814648729447,0.041189171234014284,0.048164756684936055,0.003653878093339977,0.0]",1.0
29,163,167,6,5,aug,wed,96.0,127.1,570.5,16.5,23.4,33,4.5,0.0,1,8,1,6.0,"[6.0,5.0,96.0,8.0,6.0,127.1,570.5,16.5,23.4,33.0,4.5,0.0]","[0.006696428571428571,0.005580357142857143,0.10714285714285714,0.008928571428571428,0.006696428571428571,0.14185267857142855,0.63671875,0.018415178571428572,0.026116071428571426,0.036830357142857144,0.005022321428571429,0.0]",1.0
30,165,169,8,6,aug,thu,95.2,131.7,578.8,10.4,20.7,45,2.2,0.0,1,8,1,5.0,"[8.0,6.0,95.2,8.0,5.0,131.7,578.8,10.4,20.7,45.0,2.2,0.0]","[0.008781558726673985,0.006586169045005488,0.10450054884742042,0.008781558726673985,0.005488474204171241,0.14456641053787045,0.6353457738748627,0.011416026344676181,0.022722283205268933,0.04939626783754116,0.002414928649835346,0.0]",1.0
31,168,172,7,4,aug,sun,91.4,142.4,601.4,10.6,20.1,39,5.4,0.0,1,8,1,0.0,"[7.0,4.0,91.4,8.0,0.0,142.4,601.4,10.6,20.1,39.0,5.4,0.0]","[0.007532551382761218,0.004304315075863553,0.09835359948348218,0.008608630151727106,0.0,0.15323361670074248,0.6471537716560851,0.011406434951038415,0.021629183256214355,0.04196707198966964,0.0058108253524157966,0.0]",1.0
32,180,184,8,6,aug,fri,93.9,135.7,586.7,15.1,20.8,34,4.9,0.0,1,8,1,1.0,"[8.0,6.0,93.9,8.0,1.0,135.7,586.7,15.1,20.8,34.0,4.9,0.0]","[0.008751777704846296,0.006563833278634723,0.10272399081063341,0.008751777704846296,0.001093972213105787,0.1484520293184553,0.6418334974291653,0.016518980417897386,0.022754622032600372,0.03719505524559676,0.005360463844218357,0.0]",1.0
33,181,185,2,5,sep,tue,91.0,129.5,692.6,7.0,17.6,46,3.1,0.0,1,9,1,4.0,"[2.0,5.0,91.0,9.0,4.0,129.5,692.6,7.0,17.6,46.0,3.1,0.0]","[0.001986491855383393,0.004966229638458482,0.09038537941994437,0.008939213349225268,0.003972983710766786,0.1286253476360747,0.6879221295192689,0.006952721493841875,0.01748112832737386,0.04568931267381803,0.003079062375844259,0.0]",1.0
34,183,187,1,5,sep,mon,90.9,126.5,686.5,7.0,21.0,42,2.2,0.0,1,9,1,3.0,"[1.0,5.0,90.9,9.0,3.0,126.5,686.5,7.0,21.0,42.0,2.2,0.0]","[0.0010059350165979278,0.0050296750829896385,0.09143949300875163,0.00905341514938135,0.0030178050497937834,0.12725077959963785,0.6905743888944774,0.007041545116185494,0.02112463534855648,0.04224927069711296,0.0022130570365154413,0.0]",1.0
35,185,189,7,4,mar,sun,90.7,44.0,92.4,5.5,11.5,60,4.0,0.0,1,3,1,0.0,"[7.0,4.0,90.7,3.0,0.0,44.0,92.4,5.5,11.5,60.0,4.0,0.0]","[0.021732381248059606,0.012418503570319775,0.2815895684570009,0.009313877677739831,0.0,0.13660353927351754,0.28686743247438684,0.017075442409189692,0.035703197764669355,0.18627755355479664,0.012418503570319775,0.0]",1.0
36,187,191,2,5,aug,thu,95.2,131.7,578.8,10.4,24.2,28,2.7,0.0,1,8,1,5.0,"[2.0,5.0,95.2,8.0,5.0,131.7,578.8,10.4,24.2,28.0,2.7,0.0]","[0.002244668911335578,0.005611672278338945,0.10684624017957352,0.008978675645342313,0.005611672278338945,0.1478114478114478,0.6496071829405162,0.011672278338945005,0.027160493827160494,0.031425364758698095,0.0030303030303030303,0.0]",1.0
37,188,192,2,2,aug,tue,94.8,108.3,647.1,17.0,24.6,22,4.5,0.0,1,8,1,4.0,"[2.0,2.0,94.8,8.0,4.0,108.3,647.1,17.0,24.6,22.0,4.5,0.0]","[0.002140640051375361,0.002140640051375361,0.10146633843519211,0.008562560205501444,0.004281280102750722,0.1159156587819758,0.6926040886224981,0.01819544043669057,0.026329872631916943,0.023547040565128973,0.0048164401155945625,0.0]",1.0
38,189,193,4,5,sep,wed,92.9,133.3,699.6,9.2,24.3,25,4.0,0.0,1,9,1,6.0,"[4.0,5.0,92.9,9.0,6.0,133.3,699.6,9.2,24.3,25.0,4.0,0.0]","[0.003951397806974217,0.004939247258717771,0.09177121406697619,0.008890645065691987,0.005927096710461325,0.1316803319174158,0.6910994764397905,0.009088214956040699,0.02400474167736837,0.024696236293588854,0.003951397806974217,0.0]",1.0
39,192,196,6,5,apr,thu,91.6,9.1,55.2,2.7,5.8,54,5.8,0.0,1,4,1,5.0,"[6.0,5.0,91.6,4.0,5.0,9.1,55.2,2.7,5.8,54.0,5.8,0.0]","[0.024570024570024572,0.020475020475020474,0.3751023751023751,0.01638001638001638,0.020475020475020474,0.03726453726453727,0.22604422604422605,0.011056511056511058,0.02375102375102375,0.22113022113022113,0.02375102375102375,0.0]",1.0
40,201,205,4,5,sep,thu,92.9,137.0,706.4,9.2,22.1,34,1.8,0.0,1,9,1,5.0,"[4.0,5.0,92.9,9.0,5.0,137.0,706.4,9.2,22.1,34.0,1.8,0.0]","[0.0038971161340607954,0.0048713951675759945,0.09051052221356198,0.00876851130163679,0.0048713951675759945,0.13347622759158226,0.6882307092751365,0.008963367108339828,0.021531566640685895,0.03312548713951676,0.001753702260327358,0.0]",1.0
41,204,208,6,5,sep,fri,92.4,117.9,668.0,12.2,19.6,33,6.3,0.0,1,9,1,1.0,"[6.0,5.0,92.4,9.0,1.0,117.9,668.0,12.2,19.6,33.0,6.3,0.0]","[0.006183017312448475,0.005152514427040396,0.09521846661170652,0.009274525968672712,0.001030502885408079,0.12149629018961254,0.6883759274525969,0.012572135201978566,0.020197856553998354,0.03400659521846661,0.006492168178070899,0.0]",1.0
42,206,210,4,4,oct,sat,90.6,43.7,686.9,6.7,18.4,25,3.1,0.0,1,10,1,2.0,"[4.0,4.0,90.6,10.0,2.0,43.7,686.9,6.7,18.4,25.0,3.1,0.0]","[0.004472271914132379,0.004472271914132379,0.10129695885509837,0.011180679785330947,0.0022361359570661895,0.048859570661896244,0.7680008944543827,0.007491055456171735,0.02057245080500894,0.027951699463327366,0.0034660107334525936,0.0]",1.0
43,207,211,7,4,aug,sat,93.5,139.4,594.2,8.4,5.1,42,5.8,0.0,1,8,1,2.0,"[7.0,4.0,93.5,8.0,2.0,139.4,594.2,8.4,5.1,42.0,5.8,0.0]","[0.007697382889817462,0.004398504508467121,0.10281504288541896,0.008797009016934242,0.0021992522542335605,0.15328788212007918,0.6533978447327909,0.009236859467780955,0.005608093248295579,0.04618429733890477,0.0063778315372773255,0.0]",1.0
44,210,214,4,4,mar,sat,91.7,35.8,80.8,7.8,17.0,27,4.9,0.0,1,3,1,2.0,"[4.0,4.0,91.7,3.0,2.0,35.8,80.8,7.8,17.0,27.0,4.9,0.0]","[0.014388489208633094,0.014388489208633094,0.3298561151079137,0.01079136690647482,0.007194244604316547,0.12877697841726618,0.2906474820143885,0.02805755395683453,0.06115107913669065,0.09712230215827339,0.017625899280575542,0.0]",1.0
45,211,215,4,4,mar,sat,91.7,35.8,80.8,7.8,17.0,27,4.9,0.0,1,3,1,2.0,"[4.0,4.0,91.7,3.0,2.0,35.8,80.8,7.8,17.0,27.0,4.9,0.0]","[0.014388489208633094,0.014388489208633094,0.3298561151079137,0.01079136690647482,0.007194244604316547,0.12877697841726618,0.2906474820143885,0.02805755395683453,0.06115107913669065,0.09712230215827339,0.017625899280575542,0.0]",1.0
46,233,237,1,2,sep,tue,91.0,129.5,692.6,7.0,18.8,40,2.2,0.0,1,9,1,4.0,"[1.0,2.0,91.0,9.0,4.0,129.5,692.6,7.0,18.8,40.0,2.2,0.0]","[0.0010029084344599338,0.0020058168689198676,0.09126466753585398,0.009026175910139404,0.004011633737839735,0.12987664226256143,0.6946143817069501,0.007020359041219537,0.018854678567846755,0.04011633737839735,0.0022063985558118545,0.0]",1.0
47,249,253,7,4,aug,thu,91.9,109.2,565.5,8.0,21.4,38,2.7,0.0,1,8,1,5.0,"[7.0,4.0,91.9,8.0,5.0,109.2,565.5,8.0,21.4,38.0,2.7,0.0]","[0.008132915069129778,0.0046473800395027305,0.10677355640757523,0.009294760079005461,0.005809225049378412,0.12687347507842453,0.6570233530846985,0.009294760079005461,0.024863483211339604,0.044150110375275935,0.003136981526664343,0.0]",1.0
48,258,262,2,4,aug,fri,91.6,112.4,573.0,8.9,21.4,42,3.1,0.0,1,8,1,1.0,"[2.0,4.0,91.6,8.0,1.0,112.4,573.0,8.9,21.4,42.0,3.1,0.0]","[0.0023057412958266085,0.004611482591653217,0.10560295134885865,0.009222965183306434,0.0011528706479133042,0.1295826608254554,0.6605948812543233,0.010260548766428408,0.024671431865344706,0.048420567212358774,0.003573899008531243,0.0]",1.0
49,262,266,6,5,aug,tue,94.3,131.7,607.1,8.4,19.4,55,4.0,0.0,1,8,1,4.0,"[6.0,5.0,94.3,8.0,4.0,131.7,607.1,8.4,19.4,55.0,4.0,0.0]","[0.006363347120585428,0.005302789267154524,0.1000106055785343,0.008484462827447237,0.004242231413723619,0.13967546929685012,0.6438646728179023,0.0089086859688196,0.02057482235655955,0.05833068193869976,0.004242231413723619,0.0]",1.0
50,277,281,6,5,dec,tue,91.6,25.4,349.7,2.6,5.1,24,4.0,0.0,1,12,1,4.0,"[6.0,5.0,91.6,12.0,4.0,25.4,349.7,2.6,5.1,24.0,4.0,0.0]","[0.011333585190782015,0.00944465432565168,0.17302606724593875,0.02266717038156403,0.007555723460521344,0.04797884397431053,0.6605591235360785,0.004911220249338873,0.009633547412164713,0.04533434076312806,0.007555723460521344,0.0]",1.0
51,290,294,8,6,jul,tue,92.3,88.8,440.9,8.5,17.1,67,3.6,0.0,1,7,1,4.0,"[8.0,6.0,92.3,7.0,4.0,88.8,440.9,8.5,17.1,67.0,3.6,0.0]","[0.01076426264800861,0.008073196986006458,0.12419268030139934,0.009418729817007535,0.005382131324004305,0.11948331539289557,0.5932454251883745,0.011437029063509149,0.023008611410118406,0.09015069967707212,0.004843918191603875,0.0]",1.0
52,291,295,7,5,jun,sun,93.1,180.4,430.8,11.0,22.2,48,1.3,0.0,0,6,0,0.0,"[7.0,5.0,93.1,6.0,0.0,180.4,430.8,11.0,22.2,48.0,1.3,0.0]","[0.008697813121272366,0.00621272365805169,0.11568091451292246,0.0074552683896620285,0.0,0.224155069582505,0.5352882703777336,0.013667992047713719,0.027584493041749505,0.05964214711729623,0.0016153081510934396,0.0]",0.0
53,293,297,8,6,jun,sun,90.4,89.5,290.8,6.4,15.4,45,2.2,0.0,0,6,0,0.0,"[8.0,6.0,90.4,6.0,0.0,89.5,290.8,6.4,15.4,45.0,2.2,0.0]","[0.01429337144899053,0.010720028586742897,0.161515097373593,0.010720028586742897,0.0,0.15990709308558154,0.5195640521708058,0.011434697159192424,0.02751474003930677,0.08040021440057173,0.003930677148472396,0.0]",0.0
54,296,300,6,5,jun,mon,90.4,93.3,298.1,7.5,20.7,25,4.9,0.0,0,6,0,3.0,"[6.0,5.0,90.4,6.0,3.0,93.3,298.1,7.5,20.7,25.0,4.9,0.0]","[0.010716199321307377,0.00893016610108948,0.16145740310769782,0.010716199321307377,0.005358099660653689,0.1666368994463297,0.5324165029469549,0.01339524915163422,0.03697088765851045,0.0446508305054474,0.008751562779067691,0.0]",0.0
55,299,303,3,6,jun,fri,91.1,94.1,232.1,7.1,19.2,38,4.5,0.0,0,6,0,1.0,"[3.0,6.0,91.1,6.0,1.0,94.1,232.1,7.1,19.2,38.0,4.5,0.0]","[0.00597490539733121,0.01194981079466242,0.1814379605656244,0.01194981079466242,0.0019916351324437364,0.1874128659629556,0.4622585142401912,0.014140609440350529,0.03823939454291974,0.07568213503286199,0.008962358095996815,0.0]",0.0
56,324,328,6,5,sep,sat,92.2,102.3,751.5,8.4,19.7,35,1.8,0.0,0,9,0,2.0,"[6.0,5.0,92.2,9.0,2.0,102.3,751.5,8.4,19.7,35.0,1.8,0.0]","[0.005808887598024979,0.0048407396650208155,0.08926323942298385,0.008713331397037468,0.0019362958660083262,0.09904153354632589,0.7275631716526286,0.008132442637234972,0.019072514280182015,0.03388517765514571,0.0017426662794074938,0.0]",0.0
57,331,335,4,3,sep,mon,91.6,108.4,764.0,6.2,9.8,42,1.8,0.0,0,9,0,3.0,"[4.0,3.0,91.6,9.0,3.0,108.4,764.0,6.2,9.8,42.0,1.8,0.0]","[0.0038358266206367474,0.0028768699654775605,0.08784042961258151,0.008630609896432682,0.0028768699654775605,0.10395090141925586,0.7326428845416187,0.005945531261986959,0.009397775220560033,0.04027617951668585,0.0017261219792865364,0.0]",0.0
58,332,336,7,4,sep,mon,91.6,108.4,764.0,6.2,19.3,44,2.2,0.0,0,9,0,3.0,"[7.0,4.0,91.6,9.0,3.0,108.4,764.0,6.2,19.3,44.0,2.2,0.0]","[0.006611882497402475,0.0037782185699442713,0.0865212052517238,0.00850099178237461,0.0028336639274582033,0.10238972324548976,0.7216397468593558,0.00585623878341362,0.018229904599981108,0.04156040426938698,0.0020780202134693493,0.0]",0.0
59,337,341,8,6,sep,mon,91.9,111.7,770.3,6.5,15.7,51,2.2,0.0,0,9,0,3.0,"[8.0,6.0,91.9,9.0,3.0,111.7,770.3,6.5,15.7,51.0,2.2,0.0]","[0.007439784246256859,0.005579838184692644,0.08546452152887567,0.008369757277038967,0.002789919092346322,0.10387798753836139,0.7163582256114572,0.0060448247000836975,0.014600576583279085,0.04742862456988747,0.002045940667720636,0.0]",0.0
60,341,345,2,2,sep,mon,91.5,130.1,807.1,7.5,16.8,43,3.1,0.0,1,9,1,3.0,"[2.0,2.0,91.5,9.0,3.0,130.1,807.1,7.5,16.8,43.0,3.1,0.0]","[0.001793561115595014,0.001793561115595014,0.0820554210384719,0.008071025020177564,0.002690341673392521,0.11667115056945566,0.723791588198368,0.006725854183481303,0.015065913370998118,0.0385615639852928,0.002780019729172272,0.0]",1.0
61,344,348,3,4,sep,fri,92.1,99.0,745.3,9.6,17.4,57,4.5,0.0,0,9,0,1.0,"[3.0,4.0,92.1,9.0,1.0,99.0,745.3,9.6,17.4,57.0,4.5,0.0]","[0.0028793550244745176,0.00383914003263269,0.08839619925136769,0.008638065073423552,0.0009597850081581725,0.09501871580765908,0.715327766580286,0.009213936078318455,0.0167002591419522,0.05470774546501583,0.004319032536711776,0.0]",1.0
62,345,349,5,4,sep,fri,92.1,99.0,745.3,9.6,12.8,64,3.6,0.0,1,9,1,1.0,"[5.0,4.0,92.1,9.0,1.0,99.0,745.3,9.6,12.8,64.0,3.6,0.0]","[0.004782858236081883,0.0038262865888655066,0.08810024870862829,0.008609144824947389,0.0009565716472163767,0.09470059307442129,0.7129328486703654,0.009183087813277216,0.012244117084369621,0.061220585421848106,0.003443657929978956,0.0]",1.0
63,362,366,4,5,sep,tue,91.1,132.3,812.1,12.5,15.9,38,5.4,0.0,1,9,1,4.0,"[4.0,5.0,91.1,9.0,4.0,132.3,812.1,12.5,15.9,38.0,5.4,0.0]","[0.0035420171787833164,0.004427521473479146,0.08066944124679003,0.007969538652262463,0.0035420171787833164,0.1171522181882582,0.7191180377224828,0.011068803683697864,0.014079518285663683,0.03364916319844151,0.0047817231913574775,0.0]",1.0
64,370,374,6,5,sep,fri,90.3,108.3,855.3,7.4,10.3,78,4.0,0.0,1,9,1,1.0,"[6.0,5.0,90.3,9.0,1.0,108.3,855.3,7.4,10.3,78.0,4.0,0.0]","[0.005108121913843011,0.004256768261535843,0.07687723480333732,0.007662182870764516,0.0008513536523071685,0.09220160054486634,0.7281627788183211,0.006300017027073047,0.008768942618763835,0.06640558487995914,0.003405414609228674,0.0]",1.0
65,373,377,2,2,aug,sat,93.7,231.1,715.1,8.4,21.9,42,2.2,0.0,1,8,1,2.0,"[2.0,2.0,93.7,8.0,2.0,231.1,715.1,8.4,21.9,42.0,2.2,0.0]","[0.0017724211272598365,0.0017724211272598365,0.08303792981212334,0.007089684509039346,0.0017724211272598365,0.2048032612548741,0.6337291740517546,0.007444168734491313,0.019408011343495207,0.037220843672456566,0.0019496632399858202,0.0]",0.0
66,377,381,8,6,aug,thu,90.7,194.1,643.0,6.8,16.2,63,2.7,0.0,1,8,1,5.0,"[8.0,6.0,90.7,8.0,5.0,194.1,643.0,6.8,16.2,63.0,2.7,0.0]","[0.007666506947771922,0.005749880210828941,0.08691902252036417,0.007666506947771922,0.004791566842357451,0.18600862482031624,0.6161954959271682,0.006516530905606133,0.01552467656923814,0.06037374221370388,0.0025874460948730237,0.0]",1.0
67,378,382,8,6,aug,wed,95.2,217.7,690.0,8.4,28.2,29,1.8,0.0,1,8,1,6.0,"[8.0,6.0,95.2,8.0,6.0,217.7,690.0,8.4,28.2,29.0,1.8,0.0]","[0.007283984339433669,0.005462988254575252,0.08667941363926067,0.007283984339433669,0.005462988254575252,0.1982154238368387,0.628243649276154,0.007648183556405353,0.02567604479650368,0.02640444323044705,0.0016388964763725756,0.0]",1.0
68,379,383,9,6,aug,thu,91.6,248.4,753.8,6.3,20.5,58,2.7,0.0,1,8,1,5.0,"[9.0,6.0,91.6,8.0,5.0,248.4,753.8,6.3,20.5,58.0,2.7,0.0]","[0.007442322004465394,0.004961548002976929,0.07574629951211445,0.006615397337302572,0.004134623335814108,0.20540808732324486,0.6233358141073349,0.005209625403125776,0.01695195567683784,0.047961630695443645,0.002232696601339618,0.0]",1.0
69,390,394,6,5,feb,mon,91.6,4.6,46.7,2.2,5.3,68,1.8,0.0,0,2,0,3.0,"[6.0,5.0,91.6,2.0,3.0,4.6,46.7,2.2,5.3,68.0,1.8,0.0]","[0.02540220152413209,0.021168501270110076,0.3878069432684166,0.00846740050804403,0.012701100762066046,0.01947502116850127,0.19771380186282814,0.009314140558848435,0.02243861134631668,0.28789161727349705,0.007620660457239628,0.0]",0.0
70,402,406,6,5,sep,sat,87.1,108.3,860.6,4.0,17.0,67,4.9,0.0,1,9,1,2.0,"[6.0,5.0,87.1,9.0,2.0,108.3,860.6,4.0,17.0,67.0,4.9,0.0]","[0.005124263387138099,0.004270219489281748,0.07438722350328805,0.007686395080707148,0.0017080877957126996,0.09249295413784267,0.7349901784951746,0.003416175591425399,0.014518746263557945,0.05722094115637543,0.004184815099496114,0.0]",1.0
71,403,408,4,3,sep,fri,90.3,108.3,855.3,7.4,19.9,44,3.1,0.0,1,9,1,1.0,"[4.0,3.0,90.3,9.0,1.0,108.3,855.3,7.4,19.9,44.0,3.1,0.0]","[0.0034925347070636514,0.0026194010302977386,0.07884397101196193,0.007858203090893216,0.0008731336767659128,0.09456037719374837,0.7467912337378853,0.006461189208067756,0.017375360167641664,0.03841788177770017,0.00270671439797433,0.0]",1.0
72,406,411,7,4,feb,fri,91.6,3.2,43.6,3.3,8.2,53,4.0,0.0,1,2,1,1.0,"[7.0,4.0,91.6,2.0,1.0,3.2,43.6,3.3,8.2,53.0,4.0,0.0]","[0.03168854685377999,0.01810774105930285,0.4146672702580353,0.009053870529651425,0.004526935264825713,0.014486192847442281,0.19737437754640108,0.014938886373924851,0.03712086917157084,0.2399275690357628,0.01810774105930285,0.0]",1.0
73,407,412,9,4,jul,mon,92.3,92.1,442.1,9.8,22.8,27,4.5,0.0,1,7,1,3.0,"[9.0,4.0,92.3,7.0,3.0,92.1,442.1,9.8,22.8,27.0,4.5,0.0]","[0.012612107623318387,0.005605381165919283,0.12934417040358745,0.009809417040358745,0.004204035874439463,0.1290639013452915,0.6195347533632288,0.013733183856502245,0.03195067264573991,0.03783632286995516,0.006306053811659194,0.0]",1.0
74,408,413,7,5,aug,sat,93.7,231.1,715.1,8.4,26.4,33,3.6,0.0,0,8,0,2.0,"[7.0,5.0,93.7,8.0,2.0,231.1,715.1,8.4,26.4,33.0,3.6,0.0]","[0.006176652254478072,0.004411894467484337,0.08267890232065649,0.007059031147974939,0.0017647577869937348,0.20391776228712605,0.6309891467396099,0.007411982705373687,0.023294802788317297,0.029118503485396626,0.003176564016588723,0.0]",1.0
75,418,423,1,3,sep,sat,91.2,94.3,744.4,8.4,22.3,48,4.0,0.0,1,9,1,2.0,"[1.0,3.0,91.2,9.0,2.0,94.3,744.4,8.4,22.3,48.0,4.0,0.0]","[0.0009731413001167771,0.002919423900350331,0.08875048657065007,0.008758271701050993,0.0019462826002335542,0.09176722460101207,0.7244063838069288,0.008174386920980927,0.02170105099260413,0.0467107824056053,0.0038925652004671084,0.0]",1.0
76,421,426,8,6,aug,thu,91.6,248.4,753.8,6.3,20.4,56,2.2,0.0,0,8,0,5.0,"[8.0,6.0,91.6,8.0,5.0,248.4,753.8,6.3,20.4,56.0,2.2,0.0]","[0.006635149705565231,0.004976362279173923,0.0759724641287219,0.006635149705565231,0.0041469685659782695,0.20602139835780045,0.6251969810068839,0.00522518039313262,0.01691963174919134,0.04644604793895662,0.001824666169030439,0.0]",1.0
77,426,431,1,3,aug,sat,92.1,178.0,605.3,9.6,23.3,40,4.0,0.0,1,8,1,2.0,"[1.0,3.0,92.1,8.0,2.0,178.0,605.3,9.6,23.3,40.0,4.0,0.0]","[0.001034875297526648,0.003104625892579944,0.09531201490220428,0.008279002380213184,0.002069750595053296,0.18420780295974337,0.6264100175928801,0.009934802856255821,0.0241125944323709,0.041395011901065926,0.004139501190106592,0.0]",1.0
78,428,433,2,4,aug,sun,93.6,235.1,723.1,10.1,20.9,66,4.9,0.0,1,8,1,0.0,"[2.0,4.0,93.6,8.0,0.0,235.1,723.1,10.1,20.9,66.0,4.9,0.0]","[0.001712768690588336,0.003425537381176672,0.08015757471953412,0.006851074762353344,0.0,0.20133595957865888,0.6192515200822128,0.008649481887471097,0.01789843281664811,0.056521366789415085,0.004196283291941424,0.0]",1.0
79,433,438,2,5,aug,sat,93.7,231.1,715.1,8.4,23.6,53,4.0,0.0,1,8,1,2.0,"[2.0,5.0,93.7,8.0,2.0,231.1,715.1,8.4,23.6,53.0,4.0,0.0]","[0.0017453529976437733,0.004363382494109433,0.08176978793961079,0.006981411990575093,0.0017453529976437733,0.201675538877738,0.6240509643075312,0.007330482590103848,0.020595165372196526,0.04625185443755999,0.0034907059952875466,0.0]",1.0
80,435,440,5,4,sep,fri,90.3,108.3,855.3,7.4,16.2,58,3.6,0.0,0,9,0,1.0,"[5.0,4.0,90.3,9.0,1.0,108.3,855.3,7.4,16.2,58.0,3.6,0.0]","[0.004317416457991538,0.0034539331663932305,0.07797254123132717,0.007771349624384769,0.0008634832915983076,0.09351524048009671,0.7385372593040325,0.006389776357827477,0.013988429323892583,0.050082030912701844,0.0031085398497539074,0.0]",0.0
81,442,447,3,4,mar,wed,93.4,17.3,28.3,9.9,8.9,35,8.0,0.0,0,3,0,6.0,"[3.0,4.0,93.4,3.0,6.0,17.3,28.3,9.9,8.9,35.0,8.0,0.0]","[0.013837638376383764,0.01845018450184502,0.4308118081180812,0.013837638376383764,0.027675276752767528,0.0797970479704797,0.1305350553505535,0.04566420664206642,0.041051660516605165,0.1614391143911439,0.03690036900369004,0.0]",0.0
82,446,451,1,4,aug,fri,90.5,196.8,649.9,16.3,11.8,42,4.9,0.0,1,8,1,1.0,"[1.0,4.0,90.5,8.0,1.0,196.8,649.9,16.3,11.8,42.0,4.9,0.0]","[0.0009744689144416292,0.003897875657766517,0.08818943675696744,0.007795751315533034,0.0009744689144416292,0.19177548236211264,0.6333073474956148,0.01588384330539856,0.011498733190411226,0.04092769440654843,0.0047748976807639835,0.0]",1.0
83,448,453,4,5,aug,thu,89.4,108.3,803.3,5.6,17.4,54,3.1,0.0,0,8,0,5.0,"[4.0,5.0,89.4,8.0,5.0,108.3,803.3,5.6,17.4,54.0,3.1,0.0]","[0.0036261445018583994,0.004532680627322999,0.08104432961653522,0.007252289003716799,0.004532680627322999,0.09817786238781616,0.728220469585713,0.005076602302601759,0.015773728583084037,0.04895295077508839,0.0028102619889402596,0.0]",0.0
84,463,468,6,5,mar,thu,91.3,20.6,43.5,8.5,13.3,27,3.6,0.0,1,3,1,5.0,"[6.0,5.0,91.3,3.0,5.0,20.6,43.5,8.5,13.3,27.0,3.6,0.0]","[0.026455026455026454,0.02204585537918871,0.40255731922398585,0.013227513227513227,0.02204585537918871,0.09082892416225749,0.1917989417989418,0.03747795414462081,0.05864197530864197,0.11904761904761904,0.015873015873015872,0.0]",0.0
85,464,469,6,3,apr,sun,91.0,14.6,25.6,12.3,13.7,33,4.0,0.0,1,4,1,0.0,"[6.0,3.0,91.0,4.0,0.0,14.6,25.6,12.3,13.7,33.0,4.0,0.0]","[0.02895752895752896,0.01447876447876448,0.4391891891891892,0.019305019305019305,0.0,0.07046332046332046,0.12355212355212357,0.05936293436293437,0.06611969111969113,0.15926640926640928,0.019305019305019305,0.0]",1.0
86,467,472,8,3,jun,mon,88.2,96.2,229.0,4.7,14.3,79,4.0,0.0,1,6,1,3.0,"[8.0,3.0,88.2,6.0,3.0,96.2,229.0,4.7,14.3,79.0,4.0,0.0]","[0.014942099364960777,0.0056032872618602915,0.16473664549869257,0.011206574523720583,0.0056032872618602915,0.17967874486365334,0.42771759432200224,0.008778483376914456,0.026709002614867392,0.14755323122898767,0.007471049682480389,0.0]",1.0
87,473,478,7,4,jul,sun,93.7,101.3,423.4,14.7,18.2,82,4.5,0.0,1,7,1,0.0,"[7.0,4.0,93.7,7.0,0.0,101.3,423.4,14.7,18.2,82.0,4.5,0.0]","[0.009261709446943635,0.005292405398253506,0.12397459645408837,0.009261709446943635,0.0,0.13403016671077003,0.5602011114051335,0.01944958983858163,0.024080444562053452,0.10849431066419686,0.005953956073035194,0.0]",1.0
88,480,485,2,4,aug,mon,95.0,135.5,596.3,8.4,30.6,28,3.6,0.0,1,8,1,3.0,"[2.0,4.0,95.0,8.0,3.0,135.5,596.3,8.4,30.6,28.0,3.6,0.0]","[0.0021872265966754157,0.004374453193350831,0.10389326334208224,0.008748906386701663,0.0032808398950131233,0.1481846019247594,0.6521216097987751,0.009186351706036745,0.03346456692913386,0.03062117235345582,0.003937007874015748,0.0]",1.0
89,483,488,4,4,aug,tue,95.1,141.3,605.8,8.4,19.4,71,7.6,0.0,1,8,1,4.0,"[4.0,4.0,95.1,8.0,4.0,141.3,605.8,8.4,19.4,71.0,7.6,0.0]","[0.0041296716911005575,0.0041296716911005575,0.09818294445591576,0.008259343382201115,0.0041296716911005575,0.14588065248812723,0.6254387776171795,0.008672310551311171,0.020028907701837705,0.0733016725170349,0.007846376213091059,0.0]",0.0
90,485,490,4,4,aug,wed,95.1,141.3,605.8,8.4,28.7,33,4.0,0.0,0,8,0,6.0,"[4.0,4.0,95.1,8.0,6.0,141.3,605.8,8.4,28.7,33.0,4.0,0.0]","[0.0042630288820206756,0.0042630288820206756,0.10135351167004156,0.008526057764041351,0.006394543323031014,0.1505914952573804,0.6456357241820313,0.00895236065224342,0.030587232228498348,0.035169988276670575,0.0042630288820206756,0.0]",0.0
91,488,493,1,3,aug,fri,95.9,158.0,633.6,11.3,27.5,29,4.5,0.0,1,8,1,1.0,"[1.0,3.0,95.9,8.0,1.0,158.0,633.6,11.3,27.5,29.0,4.5,0.0]","[0.0010279605263157894,0.0030838815789473685,0.09858141447368422,0.008223684210526315,0.0010279605263157894,0.16241776315789475,0.6513157894736843,0.011615953947368422,0.028268914473684213,0.029810855263157895,0.004625822368421053,0.0]",1.0
92,493,498,6,5,aug,tue,96.1,181.1,671.2,14.3,33.3,26,2.7,0.0,1,8,1,4.0,"[6.0,5.0,96.1,8.0,4.0,181.1,671.2,14.3,33.3,26.0,2.7,0.0]","[0.005726830199484585,0.004772358499570487,0.09172473036174476,0.00763577359931278,0.00381788679965639,0.17285482485444306,0.6406414049823423,0.013648945308771594,0.03178390760713944,0.024816264197766537,0.0025770735897680634,0.0]",1.0
93,498,503,2,4,aug,wed,94.5,139.4,689.1,8.4,29.2,30,4.9,0.0,1,8,1,6.0,"[2.0,4.0,94.5,8.0,6.0,139.4,689.1,8.4,29.2,30.0,4.9,0.0]","[0.0019694731659281144,0.003938946331856229,0.0930576070901034,0.007877892663712457,0.005908419497784343,0.13727227966518957,0.6785819793205318,0.00827178729689808,0.028754308222550467,0.029542097488921712,0.00482520925652388,0.0]",1.0
94,501,506,1,2,aug,fri,91.0,166.9,752.6,7.1,18.5,73,4.0,0.0,0,8,0,1.0,"[1.0,2.0,91.0,8.0,1.0,166.9,752.6,7.1,18.5,73.0,4.0,0.0]","[0.0008888098835659053,0.0017776197671318106,0.08088169940449738,0.007110479068527242,0.0008888098835659053,0.1483423695671496,0.6689183183717003,0.0063105501733179276,0.016442982845969248,0.06488312150031109,0.003555239534263621,0.0]",0.0
95,502,507,2,4,aug,fri,91.0,166.9,752.6,7.1,25.9,41,3.6,0.0,0,8,0,1.0,"[2.0,4.0,91.0,8.0,1.0,166.9,752.6,7.1,25.9,41.0,3.6,0.0]","[0.0018130722509291997,0.0036261445018583994,0.08249478741727859,0.007252289003716799,0.0009065361254645999,0.15130087934004172,0.6822590880246578,0.006436406490798658,0.023479285649533135,0.037167981144048595,0.0032635300516725596,0.0]",1.0
96,509,514,7,4,aug,sun,91.6,56.7,665.6,1.9,21.2,70,6.7,0.0,1,8,1,0.0,"[7.0,4.0,91.6,8.0,0.0,56.7,665.6,1.9,21.2,70.0,6.7,0.0]","[0.0075050927415031615,0.004288624423716092,0.09820949930309851,0.008577248847432184,0.0,0.06079125120617561,0.7136271041063578,0.002037096601265144,0.022729709445695287,0.07505092741503161,0.007183445909724455,0.0]",1.0
97,510,515,1,4,aug,sat,94.4,146.0,614.7,11.3,25.6,42,4.0,0.0,0,8,0,2.0,"[1.0,4.0,94.4,8.0,2.0,146.0,614.7,11.3,25.6,42.0,4.0,0.0]","[0.001049317943336831,0.004197271773347324,0.09905561385099686,0.008394543546694649,0.002098635886673662,0.15320041972717732,0.64501573976915,0.011857292759706192,0.026862539349422877,0.04407135362014691,0.004197271773347324,0.0]",0.0
98,511,516,6,3,nov,tue,91.6,3.0,106.7,1.1,11.8,31,4.5,0.0,0,11,0,4.0,"[6.0,3.0,91.6,11.0,4.0,3.0,106.7,1.1,11.8,31.0,4.5,0.0]","[0.021921812203142124,0.010960906101571062,0.33467299963463637,0.04018998903909389,0.014614541468761415,0.010960906101571062,0.38984289367921077,0.004018998903909389,0.04311289733284618,0.11326269638290097,0.016441359152356592,0.0]",1.0
99,518,6,8,6,aug,mon,92.3,88.9,495.6,8.5,24.1,27,3.1,0.0,0,8,0,3.0,"[8.0,6.0,92.3,8.0,3.0,88.9,495.6,8.5,24.1,27.0,3.1,0.0]","[0.010464355788096796,0.007848266841072597,0.12073250490516677,0.010464355788096796,0.003924133420536298,0.11628515369522564,0.6482668410725965,0.011118378024852845,0.031523871811641596,0.03531720078482668,0.004054937867887508,0.0]",0.0
100,520,8,8,6,sep,tue,91.0,129.5,692.6,7.0,13.1,63,5.4,0.0,0,9,0,4.0,"[8.0,6.0,91.0,9.0,4.0,129.5,692.6,7.0,13.1,63.0,5.4,0.0]","[0.007777561734396266,0.0058331713007971995,0.08846976472875752,0.008749756951195798,0.003888780867198133,0.12589928057553956,0.6733424071553568,0.006805366517596732,0.012735757340073884,0.061248298658370594,0.00524985417071748,0.0]",1.0
101,523,11,7,5,sep,sat,92.8,73.2,713.0,8.4,19.3,38,4.0,0.0,0,9,0,2.0,"[7.0,5.0,92.8,9.0,2.0,73.2,713.0,8.4,19.3,38.0,4.0,0.0]","[0.007203869507049501,0.005145621076463929,0.09550272717917054,0.009262117937635074,0.002058248430585572,0.07533189255943193,0.7337655655037564,0.008644643408459402,0.01986209735515077,0.03910672018112586,0.004116496861171144,0.0]",0.0
102,536,24,7,4,aug,sat,93.5,139.4,594.2,8.4,23.7,32,5.8,0.0,0,8,0,2.0,"[7.0,4.0,93.5,8.0,2.0,139.4,594.2,8.4,23.7,32.0,5.8,0.0]","[0.007625272331154684,0.004357298474945534,0.10185185185185185,0.008714596949891068,0.002178649237472767,0.15185185185185185,0.6472766884531591,0.009150326797385621,0.025816993464052286,0.034858387799564274,0.0063180827886710235,0.0]",0.0
103,539,27,7,4,sep,mon,90.9,126.5,686.5,7.0,19.4,48,1.3,0.0,0,9,0,3.0,"[7.0,4.0,90.9,9.0,3.0,126.5,686.5,7.0,19.4,48.0,1.3,0.0]","[0.006981847197287054,0.003989626969878317,0.09066427289048476,0.008976660682226212,0.0029922202274087375,0.12617195292240177,0.6847197287053661,0.006981847197287054,0.019349690803909834,0.0478755236385398,0.001296628765210453,0.0]",0.0
104,544,32,6,3,sep,fri,88.6,69.7,706.8,5.8,20.6,37,1.8,0.0,0,9,0,1.0,"[6.0,3.0,88.6,9.0,1.0,69.7,706.8,5.8,20.6,37.0,1.8,0.0]","[0.00632044664489624,0.00316022332244812,0.09333192878963448,0.00948066996734436,0.0010534077741493734,0.07342252185821133,0.7445486147687771,0.0061097650900663655,0.021700200147477092,0.038976087643526815,0.0018961339934688722,0.0]",0.0
105,548,36,6,3,oct,tue,90.6,35.4,669.1,6.7,21.7,24,4.5,0.0,0,10,0,4.0,"[6.0,3.0,90.6,10.0,4.0,35.4,669.1,6.7,21.7,24.0,4.5,0.0]","[0.006857142857142856,0.003428571428571428,0.10354285714285712,0.011428571428571427,0.004571428571428571,0.04045714285714285,0.7646857142857142,0.007657142857142856,0.024799999999999996,0.027428571428571424,0.005142857142857143,0.0]",0.0
106,559,47,6,6,jul,mon,94.2,62.3,442.9,11.0,23.0,36,3.1,0.0,0,7,0,3.0,"[6.0,6.0,94.2,7.0,3.0,62.3,442.9,11.0,23.0,36.0,3.1,0.0]","[0.008639308855291577,0.008639308855291577,0.13563714902807775,0.010079193664506839,0.004319654427645789,0.08970482361411086,0.6377249820014399,0.01583873290136789,0.03311735061195104,0.05183585313174946,0.004463642908567315,0.0]",0.0
107,571,59,2,2,feb,fri,86.6,13.2,43.0,5.3,12.3,51,0.9,0.0,0,2,0,1.0,"[2.0,2.0,86.6,2.0,1.0,13.2,43.0,5.3,12.3,51.0,0.9,0.0]","[0.009119927040583673,0.009119927040583673,0.39489284085727305,0.009119927040583673,0.004559963520291837,0.06019151846785224,0.196078431372549,0.024167806657546736,0.056087551299589596,0.2325581395348837,0.004103967168262653,0.0]",0.0
108,577,65,2,2,aug,thu,91.7,114.3,661.3,6.3,18.6,44,4.5,0.0,0,8,0,5.0,"[2.0,2.0,91.7,8.0,5.0,114.3,661.3,6.3,18.6,44.0,4.5,0.0]","[0.0020883366398663466,0.0020883366398663466,0.09575023493787199,0.008353346559465387,0.005220841599665867,0.11934843896836171,0.6905085099718075,0.006578260415578991,0.019421530750757025,0.04594340607705963,0.00469875743969928,0.0]",1.0
109,580,68,2,2,sep,fri,92.4,117.9,668.0,12.2,19.6,33,6.3,0.0,0,9,0,1.0,"[2.0,2.0,92.4,9.0,1.0,117.9,668.0,12.2,19.6,33.0,6.3,0.0]","[0.002075980900975711,0.002075980900975711,0.09591031762507786,0.0093419140543907,0.0010379904504878555,0.12237907411251818,0.6933776209258875,0.012663483495951837,0.02034461282956197,0.034253684866099234,0.00653933983807349,0.0]",0.0
110,582,70,4,5,mar,fri,91.2,48.3,97.8,12.5,15.8,27,7.6,0.0,0,3,0,1.0,"[4.0,5.0,91.2,3.0,1.0,48.3,97.8,12.5,15.8,27.0,7.6,0.0]","[0.012771392081736907,0.015964240102171134,0.2911877394636015,0.009578544061302681,0.0031928480204342267,0.15421455938697315,0.3122605363984674,0.039910600255427836,0.050446998722860785,0.08620689655172413,0.024265644955300123,0.0]",0.0
111,583,71,4,5,sep,fri,94.3,85.1,692.3,15.9,17.7,37,3.6,0.0,0,9,0,1.0,"[4.0,5.0,94.3,9.0,1.0,85.1,692.3,15.9,17.7,37.0,3.6,0.0]","[0.004145507306456628,0.005181884133070785,0.097730334749715,0.009327391439527412,0.001036376826614157,0.08819566794486475,0.7174836770649808,0.016478391543165095,0.018343869831070576,0.038345942584723805,0.003730956575810965,0.0]",0.0
112,592,80,1,2,aug,sun,91.4,142.4,601.4,10.6,19.5,39,6.3,0.0,0,8,0,0.0,"[1.0,2.0,91.4,8.0,0.0,142.4,601.4,10.6,19.5,39.0,6.3,0.0]","[0.0010850694444444445,0.002170138888888889,0.09917534722222222,0.008680555555555556,0.0,0.1545138888888889,0.6525607638888888,0.01150173611111111,0.021158854166666668,0.042317708333333336,0.0068359375,0.0]",0.0
113,595,83,1,2,aug,wed,92.1,111.2,654.1,9.6,16.6,47,0.9,0.0,0,8,0,6.0,"[1.0,2.0,92.1,8.0,6.0,111.2,654.1,9.6,16.6,47.0,0.9,0.0]","[0.0010542962572482866,0.0021085925144965732,0.0971006852925672,0.008434370057986293,0.00632577754348972,0.11723774380600947,0.6896151818661043,0.010121244069583552,0.01750131787032156,0.04955192409066947,0.000948866631523458,0.0]",0.0
114,596,84,1,2,aug,thu,91.7,114.3,661.3,6.3,20.2,45,3.6,0.0,0,8,0,5.0,"[1.0,2.0,91.7,8.0,5.0,114.3,661.3,6.3,20.2,45.0,3.6,0.0]","[0.001043405676126878,0.002086811352253756,0.09568030050083473,0.008347245409015025,0.005217028380634391,0.11926126878130217,0.6900041736227045,0.006573455759599332,0.021076794657762937,0.046953255425709516,0.0037562604340567614,0.0]",1.0
115,600,88,1,2,sep,sun,93.5,149.3,728.6,8.1,25.3,36,3.6,0.0,0,9,0,0.0,"[1.0,2.0,93.5,9.0,0.0,149.3,728.6,8.1,25.3,36.0,3.6,0.0]","[0.0009466111321469139,0.0018932222642938279,0.08850814085573645,0.008519500189322226,0.0,0.14132904202953428,0.6897008708822415,0.007667550170390003,0.023949261643316924,0.0340780007572889,0.0034078000757288905,0.0]",0.0
116,602,90,6,5,aug,sat,90.2,96.9,624.2,8.9,14.7,59,5.8,0.0,0,8,0,2.0,"[6.0,5.0,90.2,8.0,2.0,96.9,624.2,8.9,14.7,59.0,5.8,0.0]","[0.006516780710329097,0.005430650591940914,0.0979689366786141,0.008689040947105462,0.0021722602367763655,0.10524600847181492,0.6779624198979037,0.009666558053654828,0.015966112740306286,0.06408167698490279,0.00629955468665146,0.0]",0.0
117,609,97,3,4,mar,sat,91.6,2.4,15.5,0.7,17.4,24,5.4,0.0,0,3,0,2.0,"[3.0,4.0,91.6,3.0,2.0,2.4,15.5,0.7,17.4,24.0,5.4,0.0]","[0.01775147928994083,0.023668639053254437,0.5420118343195266,0.01775147928994083,0.011834319526627219,0.014201183431952662,0.09171597633136094,0.004142011834319527,0.1029585798816568,0.14201183431952663,0.031952662721893496,0.0]",0.0
118,618,106,4,5,mar,thu,91.4,30.7,74.3,7.5,18.2,29,3.1,0.0,0,3,0,5.0,"[4.0,5.0,91.4,3.0,5.0,30.7,74.3,7.5,18.2,29.0,3.1,0.0]","[0.014749262536873156,0.018436578171091445,0.3370206489675517,0.011061946902654867,0.018436578171091445,0.11320058997050148,0.27396755162241887,0.02765486725663717,0.06710914454277286,0.10693215339233039,0.011430678466076698,0.0]",0.0
119,622,110,4,4,mar,fri,91.6,19.5,57.3,2.8,13.7,43,5.8,0.0,0,3,0,1.0,"[4.0,4.0,91.6,3.0,1.0,19.5,57.3,2.8,13.7,43.0,5.8,0.0]","[0.016280016280016282,0.016280016280016282,0.3728123728123728,0.01221001221001221,0.004070004070004071,0.07936507936507937,0.23321123321123322,0.011396011396011397,0.05575905575905576,0.17501017501017502,0.023606023606023607,0.0]",0.0
120,626,114,3,4,mar,tue,88.1,25.7,67.6,3.8,15.8,27,7.6,0.0,0,3,0,4.0,"[3.0,4.0,88.1,3.0,4.0,25.7,67.6,3.8,15.8,27.0,7.6,0.0]","[0.01201923076923077,0.016025641025641028,0.35296474358974356,0.01201923076923077,0.016025641025641028,0.10296474358974358,0.2708333333333333,0.015224358974358974,0.06330128205128206,0.10817307692307693,0.030448717948717948,0.0]",0.0
121,629,117,3,4,mar,sat,91.7,35.8,80.8,7.8,15.2,27,4.9,0.0,0,3,0,2.0,"[3.0,4.0,91.7,3.0,2.0,35.8,80.8,7.8,15.2,27.0,4.9,0.0]","[0.010901162790697675,0.014534883720930232,0.3332122093023256,0.010901162790697675,0.007267441860465116,0.13008720930232556,0.2936046511627907,0.028343023255813955,0.055232558139534885,0.09811046511627908,0.017805232558139535,0.0]",0.0
122,634,122,3,4,sep,sun,92.4,124.1,680.7,8.5,22.5,42,5.4,0.0,0,9,0,0.0,"[3.0,4.0,92.4,9.0,0.0,124.1,680.7,8.5,22.5,42.0,5.4,0.0]","[0.0030254134731746672,0.004033884630899556,0.09318273497377975,0.009076240419524002,0.0,0.12515127067365872,0.686466317063332,0.008572004840661557,0.022690601048810002,0.04235578862444534,0.005445744251714401,0.0]",0.0
123,635,123,3,4,sep,tue,91.6,73.4,671.9,3.2,17.9,45,3.1,0.0,0,9,0,4.0,"[3.0,4.0,91.6,9.0,4.0,73.4,671.9,3.2,17.9,45.0,3.1,0.0]","[0.003239390994493035,0.00431918799265738,0.098909405031854,0.009718172983479106,0.00431918799265738,0.07925709966526294,0.7255156030666234,0.0034553503941259045,0.019328366267141777,0.048590864917395525,0.00334737069430947,0.0]",0.0
124,637,125,3,4,oct,sun,92.6,46.5,691.8,8.8,20.6,24,5.4,0.0,0,10,0,0.0,"[3.0,4.0,92.6,10.0,0.0,46.5,691.8,8.8,20.6,24.0,5.4,0.0]","[0.003308701885960075,0.004411602514613434,0.10212859821330099,0.011029006286533584,0.0,0.05128487923238117,0.7629866549023933,0.009705525532149555,0.022719752950259187,0.0264696150876806,0.0059556633947281355,0.0]",0.0
125,641,129,2,5,oct,sun,92.6,46.5,691.8,8.8,15.4,35,0.9,0.0,0,10,0,0.0,"[2.0,5.0,92.6,10.0,0.0,46.5,691.8,8.8,15.4,35.0,0.9,0.0]","[0.0022026431718061676,0.005506607929515419,0.10198237885462556,0.011013215859030838,0.0,0.0512114537444934,0.7618942731277534,0.00969162995594714,0.01696035242290749,0.03854625550660794,0.0009911894273127754,0.0]",0.0
126,650,138,9,9,jul,tue,91.6,48.3,313.4,3.9,18.0,42,2.7,0.0,1,7,1,4.0,"[9.0,9.0,91.6,7.0,4.0,48.3,313.4,3.9,18.0,42.0,2.7,0.0]","[0.016396429222080525,0.016396429222080525,0.16687921297139735,0.012752778283840409,0.007287301876480233,0.08799417015849881,0.5709601020222262,0.007105119329568228,0.03279285844416105,0.07651666970304245,0.004918928766624158,0.0]",1.0
127,652,140,2,5,sep,mon,90.9,126.5,686.5,7.0,21.9,39,1.8,0.0,1,9,1,3.0,"[2.0,5.0,90.9,9.0,3.0,126.5,686.5,7.0,21.9,39.0,1.8,0.0]","[0.0020149103364900263,0.005037275841225066,0.0915776747934717,0.009067096514205118,0.0030223655047350397,0.12744307878299416,0.6916179730002016,0.007052186177715092,0.022063268184565787,0.039290751561555516,0.0018134193028410239,0.0]",1.0
128,655,143,1,2,jul,sat,90.0,51.3,296.3,8.7,16.6,53,5.4,0.0,1,7,1,2.0,"[1.0,2.0,90.0,7.0,2.0,51.3,296.3,8.7,16.6,53.0,5.4,0.0]","[0.0018751171948246763,0.0037502343896493526,0.16876054753422087,0.013125820363772734,0.0037502343896493526,0.09619351209450588,0.5555972248265516,0.016313519594974683,0.03112694543408963,0.09938121132570785,0.010125632852053253,0.0]",1.0
129,664,152,3,4,jul,sat,90.1,51.2,424.1,6.2,24.6,43,1.8,0.0,1,7,1,2.0,"[3.0,4.0,90.1,7.0,2.0,51.2,424.1,6.2,24.6,43.0,1.8,0.0]","[0.004566210045662099,0.006088280060882799,0.13713850837138505,0.010654490106544899,0.0030441400304413997,0.07792998477929984,0.6455098934550989,0.00943683409436834,0.03744292237442922,0.06544901065449009,0.00273972602739726,0.0]",1.0
130,666,154,1,5,sep,sat,93.4,145.4,721.4,8.1,29.6,27,2.7,0.0,1,9,1,2.0,"[1.0,5.0,93.4,9.0,2.0,145.4,721.4,8.1,29.6,27.0,2.7,0.0]","[0.0009573042312847022,0.004786521156423511,0.08941221520199119,0.008615738081562319,0.0019146084625694044,0.1391920352287957,0.6905992724487842,0.007754164273406087,0.028336205246027184,0.02584721424468696,0.002584721424468696,0.0]",1.0
131,667,155,7,4,aug,sun,94.8,108.3,647.1,17.0,16.4,47,1.3,0.0,1,8,1,0.0,"[7.0,4.0,94.8,8.0,0.0,108.3,647.1,17.0,16.4,47.0,1.3,0.0]","[0.007361447050163003,0.004206541171521716,0.09969502576506467,0.008413082343043433,0.0,0.11389210221895046,0.6805131980229256,0.017877799978967296,0.017246818803239035,0.049426858765380166,0.0013671258807445579,0.0]",1.0
132,668,156,2,4,sep,sat,93.4,145.4,721.4,8.1,28.6,27,2.2,0.0,1,9,1,2.0,"[2.0,4.0,93.4,9.0,2.0,145.4,721.4,8.1,28.6,27.0,2.2,0.0]","[0.0019173617102866453,0.0038347234205732906,0.08954079187038634,0.008628127696289904,0.0019173617102866453,0.1393921963378391,0.691592368900393,0.0077653149266609135,0.02741827245709903,0.02588438308886971,0.00210909788131531,0.0]",1.0
133,669,157,2,2,aug,wed,92.1,111.2,654.1,9.6,18.4,45,3.6,0.0,1,8,1,6.0,"[2.0,2.0,92.1,8.0,6.0,111.2,654.1,9.6,18.4,45.0,3.6,0.0]","[0.0021008403361344537,0.0021008403361344537,0.09674369747899159,0.008403361344537815,0.006302521008403361,0.11680672268907562,0.687079831932773,0.010084033613445377,0.019327731092436972,0.0472689075630252,0.0037815126050420164,0.0]",1.0
134,671,159,7,4,sep,fri,92.4,117.9,668.0,12.2,19.0,34,5.8,0.0,1,9,1,1.0,"[7.0,4.0,92.4,9.0,1.0,117.9,668.0,12.2,19.0,34.0,5.8,0.0]","[0.007214263629805215,0.0041224363598886945,0.09522827991342885,0.009275481809749563,0.0010306090899721736,0.12150881170771928,0.688446872101412,0.012573430897660517,0.0195815727094713,0.035040709059053904,0.005977532721838607,0.0]",0.0
135,673,161,6,4,aug,thu,95.2,131.7,578.8,10.4,20.3,41,4.0,0.0,1,8,1,5.0,"[6.0,4.0,95.2,8.0,5.0,131.7,578.8,10.4,20.3,41.0,4.0,0.0]","[0.006634232640424592,0.004422821760283061,0.10526315789473686,0.008845643520566122,0.0055285272003538265,0.14562140645731977,0.6399823087129589,0.01149933657673596,0.02244582043343654,0.045333923042901375,0.004422821760283061,0.0]",1.0
136,674,162,6,3,mar,sat,90.6,50.1,100.4,7.8,15.2,31,4.0,0.0,1,3,1,2.0,"[6.0,3.0,90.6,3.0,2.0,50.1,100.4,7.8,15.2,31.0,4.0,0.0]","[0.019163206643244973,0.009581603321622487,0.2893644203129991,0.009581603321622487,0.0063877355477483235,0.16001277547109552,0.32066432449696586,0.024912168636218462,0.04854679016288726,0.09900990099009901,0.012775471095496647,0.0]",1.0
137,693,181,8,6,oct,mon,91.6,32.8,664.2,3.0,19.1,32,4.0,0.0,1,10,1,3.0,"[8.0,6.0,91.6,10.0,3.0,32.8,664.2,3.0,19.1,32.0,4.0,0.0]","[0.00915646102781275,0.006867345770859562,0.10484147876845598,0.011445576284765937,0.003433672885429781,0.03754149021403227,0.7602151768341536,0.003433672885429781,0.021861050703902943,0.036625844111251,0.004578230513906375,0.0]",1.0
138,698,186,8,6,mar,sun,89.3,51.3,102.2,9.6,11.5,39,5.8,0.0,1,3,1,0.0,"[8.0,6.0,89.3,3.0,0.0,51.3,102.2,9.6,11.5,39.0,5.8,0.0]","[0.024562480810561862,0.0184218606079214,0.2741786920478968,0.0092109303039607,0.0,0.15750690819772795,0.3137856923549278,0.029474976972674236,0.03530856616518268,0.11974209395148909,0.01780779858765735,0.0]",1.0
139,700,188,6,4,mar,sat,90.8,41.9,89.4,7.9,13.3,42,0.9,0.0,1,3,1,2.0,"[6.0,4.0,90.8,3.0,2.0,41.9,89.4,7.9,13.3,42.0,0.9,0.0]","[0.0199203187250996,0.013280212483399735,0.301460823373174,0.0099601593625498,0.006640106241699867,0.1391102257636122,0.2968127490039841,0.026228419654714476,0.04415670650730412,0.13944223107569723,0.0029880478087649406,0.0]",1.0
140,702,190,6,5,mar,fri,91.2,48.3,97.8,12.5,11.7,33,4.0,0.0,1,3,1,1.0,"[6.0,5.0,91.2,3.0,1.0,48.3,97.8,12.5,11.7,33.0,4.0,0.0]","[0.019138755980861243,0.01594896331738437,0.2909090909090909,0.009569377990430622,0.003189792663476874,0.15406698564593302,0.3119617224880383,0.03987240829346093,0.03732057416267942,0.10526315789473684,0.012759170653907496,0.0]",1.0
141,711,199,2,4,sep,mon,91.6,70.8,665.3,0.8,22.6,38,3.6,0.0,1,9,1,3.0,"[2.0,4.0,91.6,9.0,3.0,70.8,665.3,0.8,22.6,38.0,3.6,0.0]","[0.0021961128802020424,0.004392225760404085,0.10058196991325355,0.009882507960909191,0.003294169320303064,0.0777423959591523,0.7305369495992095,0.0008784451520808171,0.02481607554628308,0.04172614472383881,0.003953003184363676,0.0]",1.0
142,713,201,6,5,mar,sun,90.1,37.6,83.7,7.2,12.4,54,3.6,0.0,1,3,1,0.0,"[6.0,5.0,90.1,3.0,0.0,37.6,83.7,7.2,12.4,54.0,3.6,0.0]","[0.01982815598149372,0.016523463317911432,0.297752808988764,0.00991407799074686,0.0,0.12425644415069398,0.2766027759418374,0.023793787177792465,0.040978189028420355,0.17845340383344346,0.011896893588896233,0.0]",1.0
143,715,203,8,6,oct,wed,91.4,37.9,673.8,5.2,20.2,37,2.7,0.0,1,10,1,6.0,"[8.0,6.0,91.4,10.0,6.0,37.9,673.8,5.2,20.2,37.0,2.7,0.0]","[0.00890670229347584,0.00668002672010688,0.10175907370296149,0.0111333778668448,0.00668002672010688,0.04219550211534179,0.7501670006680026,0.005789356490759296,0.022489423291026496,0.04119349810732576,0.003006012024048096,0.0]",1.0
144,717,205,4,5,sep,thu,92.9,137.0,706.4,9.2,22.1,34,1.8,0.0,1,9,1,5.0,"[4.0,5.0,92.9,9.0,5.0,137.0,706.4,9.2,22.1,34.0,1.8,0.0]","[0.0038971161340607954,0.0048713951675759945,0.09051052221356198,0.00876851130163679,0.0048713951675759945,0.13347622759158226,0.6882307092751365,0.008963367108339828,0.021531566640685895,0.03312548713951676,0.001753702260327358,0.0]",1.0
145,726,214,4,4,mar,sat,91.7,35.8,80.8,7.8,17.0,27,4.9,0.0,1,3,1,2.0,"[4.0,4.0,91.7,3.0,2.0,35.8,80.8,7.8,17.0,27.0,4.9,0.0]","[0.014388489208633094,0.014388489208633094,0.3298561151079137,0.01079136690647482,0.007194244604316547,0.12877697841726618,0.2906474820143885,0.02805755395683453,0.06115107913669065,0.09712230215827339,0.017625899280575542,0.0]",1.0
146,730,218,4,5,sep,wed,92.9,133.3,699.6,9.2,19.4,19,1.3,0.0,1,9,1,6.0,"[4.0,5.0,92.9,9.0,6.0,133.3,699.6,9.2,19.4,19.0,1.3,0.0]","[0.004005206768799439,0.005006508460999299,0.09302092720536698,0.009011715229798737,0.006007810153199159,0.1334735155702413,0.700510663863022,0.009211975568238709,0.019425252828677277,0.019024732151797334,0.0013016921998598178,0.0]",1.0
147,731,219,6,5,mar,mon,90.1,39.7,86.6,6.2,15.2,27,3.1,0.0,1,3,1,3.0,"[6.0,5.0,90.1,3.0,3.0,39.7,86.6,6.2,15.2,27.0,3.1,0.0]","[0.021060021060021063,0.01755001755001755,0.31625131625131625,0.010530010530010531,0.010530010530010531,0.13934713934713938,0.303966303966304,0.021762021762021765,0.053352053352053355,0.09477009477009478,0.010881010881010882,0.0]",1.0
148,736,224,7,4,sep,wed,90.1,82.9,735.7,6.2,15.4,57,4.5,0.0,1,9,1,6.0,"[7.0,4.0,90.1,9.0,6.0,82.9,735.7,6.2,15.4,57.0,4.5,0.0]","[0.0068775790921595595,0.003930045195519748,0.08852426802908232,0.008842601689919433,0.005895067793279622,0.08145018667714679,0.7228335625859698,0.0060915700530556095,0.01513067400275103,0.05600314403615641,0.004421300844959716,0.0]",1.0
149,744,232,6,4,sep,tue,91.0,129.5,692.6,7.0,18.7,43,2.7,0.0,1,9,1,4.0,"[6.0,4.0,91.0,9.0,4.0,129.5,692.6,7.0,18.7,43.0,2.7,0.0]","[0.005955334987593051,0.003970223325062034,0.09032258064516129,0.008933002481389576,0.003970223325062034,0.12853598014888337,0.6874441687344912,0.00694789081885856,0.01856079404466501,0.04267990074441687,0.0026799007444168734,0.0]",1.0
150,746,234,4,5,sep,sat,92.5,121.1,674.4,8.6,17.7,25,3.1,0.0,1,9,1,2.0,"[4.0,5.0,92.5,9.0,2.0,121.1,674.4,8.6,17.7,25.0,3.1,0.0]","[0.004156275976724854,0.0051953449709060675,0.09611388196176225,0.009351620947630921,0.002078137988362427,0.12583125519534497,0.7007481296758103,0.008935993349958435,0.018391521197007477,0.02597672485453034,0.003221113881961762,0.0]",1.0
151,749,237,1,2,sep,tue,91.0,129.5,692.6,7.0,18.8,40,2.2,0.0,1,9,1,4.0,"[1.0,2.0,91.0,9.0,4.0,129.5,692.6,7.0,18.8,40.0,2.2,0.0]","[0.0010029084344599338,0.0020058168689198676,0.09126466753585398,0.009026175910139404,0.004011633737839735,0.12987664226256143,0.6946143817069501,0.007020359041219537,0.018854678567846755,0.04011633737839735,0.0022063985558118545,0.0]",1.0
152,752,240,6,3,apr,wed,88.0,17.2,43.5,3.8,15.2,51,2.7,0.0,0,4,0,6.0,"[6.0,3.0,88.0,4.0,6.0,17.2,43.5,3.8,15.2,51.0,2.7,0.0]","[0.02495840266222962,0.01247920133111481,0.36605657237936773,0.01663893510815308,0.02495840266222962,0.07154742096505824,0.18094841930116473,0.015806988352745424,0.0632279534109817,0.21214642262895178,0.01123128119800333,0.0]",0.0
153,758,246,5,4,aug,sun,91.8,175.1,700.7,13.8,25.7,39,5.4,0.0,1,8,1,0.0,"[5.0,4.0,91.8,8.0,0.0,175.1,700.7,13.8,25.7,39.0,5.4,0.0]","[0.004679457182966776,0.003743565746373421,0.08591483387927,0.007487131492746842,0.0,0.16387459054749648,0.655779129620964,0.012915301824988302,0.024052409920449228,0.036499766027140855,0.005053813757604118,0.0]",1.0
154,759,247,2,4,aug,wed,92.2,91.6,503.6,9.6,20.7,70,2.2,0.0,1,8,1,6.0,"[2.0,4.0,92.2,8.0,6.0,91.6,503.6,9.6,20.7,70.0,2.2,0.0]","[0.0024694406716878623,0.0049388813433757246,0.11384121496481045,0.009877762686751449,0.007408322015063586,0.11310038276330407,0.6218051611310037,0.011853315224101737,0.025558710951969373,0.08643042350907518,0.0027163847388566487,0.0]",1.0
155,760,248,8,6,aug,wed,93.1,157.3,666.7,13.5,28.7,28,2.7,0.0,0,8,0,6.0,"[8.0,6.0,93.1,8.0,6.0,157.3,666.7,13.5,28.7,28.0,2.7,0.0]","[0.007858546168958742,0.005893909626719056,0.09145383104125736,0.007858546168958742,0.005893909626719056,0.15451866404715128,0.6549115913555992,0.013261296660117878,0.028192534381139486,0.027504911591355596,0.0026522593320235754,0.0]",0.0
156,761,249,3,4,aug,wed,93.1,157.3,666.7,13.5,21.7,40,0.4,0.0,1,8,1,6.0,"[3.0,4.0,93.1,8.0,6.0,157.3,666.7,13.5,21.7,40.0,0.4,0.0]","[0.002959455460195324,0.003945940613593765,0.09184176778139488,0.00789188122718753,0.005918910920390648,0.15517411462957484,0.6576896517707409,0.013317549570878958,0.021406727828746176,0.03945940613593765,0.0003945940613593765,0.0]",1.0
157,762,250,8,5,aug,wed,93.1,157.3,666.7,13.5,26.8,25,3.1,0.0,1,8,1,6.0,"[8.0,5.0,93.1,8.0,6.0,157.3,666.7,13.5,26.8,25.0,3.1,0.0]","[0.007901234567901235,0.0049382716049382715,0.09195061728395061,0.007901234567901235,0.005925925925925926,0.15535802469135804,0.6584691358024691,0.013333333333333334,0.026469135802469138,0.024691358024691357,0.0030617283950617287,0.0]",1.0
158,764,252,6,5,aug,wed,93.1,157.3,666.7,13.5,22.1,37,3.6,0.0,1,8,1,6.0,"[6.0,5.0,93.1,8.0,6.0,157.3,666.7,13.5,22.1,37.0,3.6,0.0]","[0.0058921732298929585,0.004910144358244132,0.09142688795050573,0.007856230973190612,0.0058921732298929585,0.1544731415103604,0.6547186487282726,0.013257389767259157,0.021702838063439065,0.036335068251006575,0.003535303937935775,0.0]",1.0
159,772,260,2,4,aug,mon,93.6,97.9,542.0,14.4,28.3,32,4.0,0.0,1,8,1,3.0,"[2.0,4.0,93.6,8.0,3.0,97.9,542.0,14.4,28.3,32.0,4.0,0.0]","[0.00241196333815726,0.00482392667631452,0.11287988422575977,0.00964785335262904,0.0036179450072358903,0.1180656054027979,0.6536420646406175,0.017366136034732273,0.03412928123492523,0.03859141341051616,0.00482392667631452,0.0]",1.0
160,776,264,4,4,aug,fri,94.3,167.6,684.4,13.0,21.8,53,3.1,0.0,1,8,1,1.0,"[4.0,4.0,94.3,8.0,1.0,167.6,684.4,13.0,21.8,53.0,3.1,0.0]","[0.0037943464238284963,0.0037943464238284963,0.0894517169417568,0.0075886928476569925,0.0009485866059571241,0.15898311515841398,0.6492126731170557,0.012331625877442612,0.020679188009865304,0.050275090115727575,0.002940618478467085,0.0]",1.0
161,781,269,4,4,aug,tue,92.1,152.6,658.2,14.3,19.1,53,2.7,0.0,1,8,1,4.0,"[4.0,4.0,92.1,8.0,4.0,152.6,658.2,14.3,19.1,53.0,2.7,0.0]","[0.003952569169960474,0.003952569169960474,0.09100790513833991,0.007905138339920948,0.003952569169960474,0.15079051383399208,0.6503952569169961,0.014130434782608696,0.018873517786561263,0.05237154150197628,0.00266798418972332,0.0]",1.0
162,783,271,8,6,aug,tue,92.1,152.6,658.2,14.3,20.1,58,4.5,0.0,1,8,1,4.0,"[8.0,6.0,92.1,8.0,4.0,152.6,658.2,14.3,20.1,58.0,4.5,0.0]","[0.007798791187365957,0.0058490933905244675,0.08978358354455057,0.007798791187365957,0.0038993955936829786,0.14876194189900563,0.6416455449405342,0.01394033924741665,0.01959446285825697,0.05654123610840319,0.004386820042893351,0.0]",1.0
163,785,273,4,6,dec,sun,91.6,27.2,353.5,6.8,4.8,57,4.0,0.0,1,12,1,0.0,"[4.0,6.0,91.6,12.0,0.0,27.2,353.5,6.8,4.8,57.0,4.0,0.0]","[0.007055918151349445,0.010583877227024167,0.16158052566590228,0.021167754454048334,0.0,0.04798024342917622,0.6235667666255071,0.011995060857294055,0.008467101781619333,0.10054683365672959,0.007055918151349445,0.0]",1.0
164,795,283,3,4,feb,wed,86.9,6.6,18.7,3.2,8.8,35,3.1,0.0,1,2,1,6.0,"[3.0,4.0,86.9,2.0,6.0,6.6,18.7,3.2,8.8,35.0,3.1,0.0]","[0.01692047377326565,0.022560631697687534,0.4901297236322617,0.011280315848843767,0.0338409475465313,0.03722504230118443,0.10547095318668921,0.018048505358150026,0.049633389734912575,0.1974055273547659,0.01748448956570784,0.0]",1.0
165,798,286,7,6,jul,wed,91.2,183.1,437.7,12.5,12.6,42,7.6,0.2,0,7,0,6.0,"[7.0,6.0,91.2,7.0,6.0,183.1,437.7,12.5,12.6,42.0,7.6,0.2]","[0.008611145282322548,0.007380981670562184,0.1121909213925452,0.008611145282322548,0.007380981670562184,0.22524295731332264,0.5384426128675113,0.01537704514700455,0.015500061508180585,0.05166687169393529,0.009349243449378765,0.00024603272235207283]",0.0
166,810,298,8,6,jun,wed,91.2,147.8,377.2,12.7,19.6,43,4.9,0.0,0,6,0,6.0,"[8.0,6.0,91.2,6.0,6.0,147.8,377.2,12.7,19.6,43.0,4.9,0.0]","[0.011074197120708748,0.00830564784053156,0.12624584717607973,0.00830564784053156,0.00830564784053156,0.20459579180509413,0.5221483942414175,0.017580287929125134,0.027131782945736434,0.059523809523809514,0.006782945736434108,0.0]",0.0
167,813,301,6,5,jun,mon,90.4,93.3,298.1,7.5,19.1,39,5.4,0.0,1,6,1,3.0,"[6.0,5.0,90.4,6.0,3.0,93.3,298.1,7.5,19.1,39.0,5.4,0.0]","[0.010474860335195532,0.00872905027932961,0.15782122905027934,0.010474860335195532,0.005237430167597766,0.1628840782122905,0.5204259776536314,0.013093575418994415,0.03334497206703911,0.06808659217877096,0.00942737430167598,0.0]",1.0
168,821,309,2,4,sep,sun,92.4,105.8,758.1,9.9,24.9,27,2.2,0.0,0,9,0,0.0,"[2.0,4.0,92.4,9.0,0.0,105.8,758.1,9.9,24.9,27.0,2.2,0.0]","[0.0019318072056408772,0.0038636144112817543,0.08924949290060853,0.008693132425383948,0.0,0.1021926011784024,0.7322515212981745,0.009562445667922342,0.024050999710228917,0.02607939727615184,0.002124987926204965,0.0]",0.0
169,828,316,4,5,sep,thu,92.4,96.2,739.4,8.6,18.6,24,5.8,0.0,0,9,0,5.0,"[4.0,5.0,92.4,9.0,5.0,96.2,739.4,8.6,18.6,24.0,5.8,0.0]","[0.003968253968253968,0.00496031746031746,0.09166666666666667,0.008928571428571428,0.00496031746031746,0.09543650793650794,0.733531746031746,0.008531746031746031,0.018452380952380953,0.023809523809523808,0.0057539682539682535,0.0]",0.0
170,829,317,4,4,sep,thu,92.4,96.2,739.4,8.6,19.2,24,4.9,0.0,1,9,1,5.0,"[4.0,4.0,92.4,9.0,5.0,96.2,739.4,8.6,19.2,24.0,4.9,0.0]","[0.003973378364954803,0.003973378364954803,0.09178504023045594,0.008940101321148307,0.0049667229561935035,0.095559749677163,0.7344789907618953,0.008542763484652825,0.01907221615178305,0.023840270189728816,0.004867388497069634,0.0]",1.0
171,832,320,6,3,sep,thu,92.8,119.0,783.5,7.5,18.9,34,7.2,0.0,1,9,1,5.0,"[6.0,3.0,92.8,9.0,5.0,119.0,783.5,7.5,18.9,34.0,7.2,0.0]","[0.005525370660281794,0.002762685330140897,0.08545906621235841,0.00828805599042269,0.0046044755502348276,0.1095865180955889,0.7215213187217975,0.006906713325352242,0.017404917579887647,0.03131043374159683,0.006630444792338153,0.0]",1.0
172,834,322,6,5,sep,thu,92.8,119.0,783.5,7.5,16.8,28,4.0,0.0,1,9,1,5.0,"[6.0,5.0,92.8,9.0,5.0,119.0,783.5,7.5,16.8,28.0,4.0,0.0]","[0.005573100501579046,0.004644250417982538,0.0861972877577559,0.008359650752368568,0.004644250417982538,0.1105331599479844,0.7277540404978637,0.006966375626973807,0.015604681404421328,0.026007802340702213,0.0037154003343860304,0.0]",1.0
173,842,330,3,3,sep,sat,92.2,102.3,751.5,8.4,24.2,27,3.1,0.0,1,9,1,2.0,"[3.0,3.0,92.2,9.0,2.0,102.3,751.5,8.4,24.2,27.0,3.1,0.0]","[0.0029248318221702253,0.0029248318221702253,0.08988983133469826,0.008774495466510676,0.0019498878814468168,0.09973676513600467,0.7326703714536413,0.008189529102076631,0.02359364336550648,0.026323486399532026,0.003022326216242566,0.0]",1.0
174,843,331,7,4,sep,sat,91.2,124.4,795.3,8.5,21.5,28,4.5,0.0,1,9,1,2.0,"[7.0,4.0,91.2,9.0,2.0,124.4,795.3,8.5,21.5,28.0,4.5,0.0]","[0.006390359685959466,0.003651634106262552,0.0832572576227862,0.008216176739090742,0.001825817053131276,0.11356582070476538,0.7260361511776519,0.007759722475807924,0.019627533321161218,0.025561438743837865,0.004108088369545371,0.0]",1.0
175,852,340,2,5,sep,mon,91.6,108.4,764.0,6.2,19.3,44,2.2,0.0,1,9,1,3.0,"[2.0,5.0,91.6,9.0,3.0,108.4,764.0,6.2,19.3,44.0,2.2,0.0]","[0.001896273821939888,0.00474068455484972,0.08684934104484687,0.008533232198729496,0.002844410732909832,0.10277804114914194,0.7243765999810372,0.005878448848013653,0.01829904238171992,0.04171802408267754,0.002085901204133877,0.0]",1.0
176,860,348,3,4,sep,fri,92.1,99.0,745.3,9.6,17.4,57,4.5,0.0,0,9,0,1.0,"[3.0,4.0,92.1,9.0,1.0,99.0,745.3,9.6,17.4,57.0,4.5,0.0]","[0.0028793550244745176,0.00383914003263269,0.08839619925136769,0.008638065073423552,0.0009597850081581725,0.09501871580765908,0.715327766580286,0.009213936078318455,0.0167002591419522,0.05470774546501583,0.004319032536711776,0.0]",1.0
177,868,356,4,4,sep,fri,92.1,99.0,745.3,9.6,20.8,35,4.9,0.0,1,9,1,1.0,"[4.0,4.0,92.1,9.0,1.0,99.0,745.3,9.6,20.8,35.0,4.9,0.0]","[0.0039035815360593342,0.0039035815360593342,0.08987996486776617,0.008783058456133502,0.0009758953840148336,0.09661364301746853,0.7273348297062554,0.009368595686542401,0.02029862398750854,0.03415633844051918,0.004781887381672685,0.0]",1.0
178,874,362,7,4,sep,fri,88.2,55.2,732.3,11.6,15.2,64,3.1,0.0,1,9,1,1.0,"[7.0,4.0,88.2,9.0,1.0,55.2,732.3,11.6,15.2,64.0,3.1,0.0]","[0.007066424389259035,0.004037956793862305,0.08903694730466384,0.009085402786190187,0.0010094891984655764,0.05572380375529982,0.7392489400363416,0.011710074702200686,0.01534423581667676,0.06460730870179689,0.0031294165152432867,0.0]",1.0
179,881,369,4,5,sep,sun,91.0,108.3,825.1,7.1,13.8,77,7.6,0.0,0,9,0,0.0,"[4.0,5.0,91.0,9.0,0.0,108.3,825.1,7.1,13.8,77.0,7.6,0.0]","[0.0034846240961756256,0.0043557801202195314,0.07927519818799549,0.007840404216395157,0.0,0.09434619740395506,0.7187908354386272,0.006185207770711735,0.012021953131805908,0.06707901385138079,0.006620785782733688,0.0]",0.0
180,889,377,2,2,aug,sat,93.7,231.1,715.1,8.4,21.9,42,2.2,0.0,1,8,1,2.0,"[2.0,2.0,93.7,8.0,2.0,231.1,715.1,8.4,21.9,42.0,2.2,0.0]","[0.0017724211272598365,0.0017724211272598365,0.08303792981212334,0.007089684509039346,0.0017724211272598365,0.2048032612548741,0.6337291740517546,0.007444168734491313,0.019408011343495207,0.037220843672456566,0.0019496632399858202,0.0]",0.0
181,894,382,8,6,aug,wed,95.2,217.7,690.0,8.4,28.2,29,1.8,0.0,1,8,1,6.0,"[8.0,6.0,95.2,8.0,6.0,217.7,690.0,8.4,28.2,29.0,1.8,0.0]","[0.007283984339433669,0.005462988254575252,0.08667941363926067,0.007283984339433669,0.005462988254575252,0.1982154238368387,0.628243649276154,0.007648183556405353,0.02567604479650368,0.02640444323044705,0.0016388964763725756,0.0]",1.0
182,903,391,8,6,sep,fri,91.1,91.3,738.1,7.2,20.7,46,2.7,0.0,1,9,1,1.0,"[8.0,6.0,91.1,9.0,1.0,91.3,738.1,7.2,20.7,46.0,2.7,0.0]","[0.007834688081480756,0.005876016061110567,0.08921751052786209,0.008814024091665849,0.0009793360101850944,0.08941337772989912,0.7228479091176182,0.0070512192733326795,0.02027225541083145,0.04504945646851434,0.002644207227499755,0.0]",1.0
183,907,395,4,5,feb,sun,91.6,9.0,56.9,3.5,10.1,62,1.8,0.0,1,2,1,0.0,"[4.0,5.0,91.6,2.0,0.0,9.0,56.9,3.5,10.1,62.0,1.8,0.0]","[0.016266775111834077,0.020333468889792598,0.3725091500610004,0.008133387555917039,0.0,0.036600244001626675,0.23139487596583977,0.014233428222854819,0.041073607157381044,0.2521350142334282,0.0073200488003253355,0.0]",1.0
184,908,396,4,3,sep,sun,90.5,96.7,750.5,11.4,20.4,55,4.9,0.0,1,9,1,0.0,"[4.0,3.0,90.5,9.0,0.0,96.7,750.5,11.4,20.4,55.0,4.9,0.0]","[0.0038262865888655058,0.002869714941649129,0.08656973407308206,0.008609144824947387,0.0,0.0925004782858236,0.7179070212358905,0.010904916778266691,0.01951406160321408,0.052611440596900705,0.004687201071360245,0.0]",1.0
185,909,397,5,6,aug,sun,91.6,181.3,613.0,7.6,24.3,33,3.6,0.0,1,8,1,0.0,"[5.0,6.0,91.6,8.0,0.0,181.3,613.0,7.6,24.3,33.0,3.6,0.0]","[0.00513663447709061,0.006163961372508732,0.09410314362029998,0.008218615163344977,0.0,0.18625436613930554,0.6297513868913088,0.007807684405177727,0.024964043558660366,0.03390178754879803,0.0036983768235052394,0.0]",1.0
186,912,400,9,5,jun,wed,93.3,49.5,297.7,14.0,28.0,34,4.5,0.0,1,6,1,6.0,"[9.0,5.0,93.3,6.0,6.0,49.5,297.7,14.0,28.0,34.0,4.5,0.0]","[0.016453382084095063,0.009140767824497258,0.17056672760511882,0.010968921389396709,0.010968921389396709,0.09049360146252285,0.5442413162705667,0.025594149908592323,0.051188299817184646,0.062157221206581355,0.008226691042047532,0.0]",0.0
187,913,401,3,4,sep,thu,91.1,88.2,731.7,8.3,22.8,46,4.0,0.0,1,9,1,5.0,"[3.0,4.0,91.1,9.0,5.0,88.2,731.7,8.3,22.8,46.0,4.0,0.0]","[0.0029612081729345576,0.003948277563912744,0.08992202151811272,0.008883624518803673,0.0049353469548909295,0.08705952028427599,0.7222386733787386,0.008192675945118943,0.02250518211430264,0.04540519198499655,0.003948277563912744,0.0]",1.0
188,925,413,7,5,aug,sat,93.7,231.1,715.1,8.4,26.4,33,3.6,0.0,0,8,0,2.0,"[7.0,5.0,93.7,8.0,2.0,231.1,715.1,8.4,26.4,33.0,3.6,0.0]","[0.006176652254478072,0.004411894467484337,0.08267890232065649,0.007059031147974939,0.0017647577869937348,0.20391776228712605,0.6309891467396099,0.007411982705373687,0.023294802788317297,0.029118503485396626,0.003176564016588723,0.0]",1.0
189,927,415,8,6,aug,thu,94.8,222.4,698.6,13.9,27.5,27,4.9,0.0,1,8,1,5.0,"[8.0,6.0,94.8,8.0,5.0,222.4,698.6,13.9,27.5,27.0,4.9,0.0]","[0.0071678165038975,0.005375862377923125,0.08493862557118537,0.0071678165038975,0.004479885314935937,0.19926529880835048,0.6259295762028492,0.012454081175521905,0.024639369232147653,0.02419138070065406,0.004390287608637218,0.0]",1.0
190,930,418,2,4,aug,sun,92.0,203.2,664.5,8.1,24.9,42,5.4,0.0,1,8,1,0.0,"[2.0,4.0,92.0,8.0,0.0,203.2,664.5,8.1,24.9,42.0,5.4,0.0]","[0.0018973531922967459,0.0037947063845934917,0.0872782468456503,0.0075894127691869834,0.0,0.19277108433734935,0.6303955981405938,0.00768428042880182,0.023622047244094484,0.03984441703823166,0.005122853619201214,0.0]",1.0
191,931,419,2,5,aug,sun,91.6,181.3,613.0,7.6,24.8,36,4.0,0.0,1,8,1,0.0,"[2.0,5.0,91.6,8.0,0.0,181.3,613.0,7.6,24.8,36.0,4.0,0.0]","[0.0020548648926333093,0.005137162231583274,0.09411281208260557,0.008219459570533237,0.0,0.1862735025172095,0.6298160895921093,0.007808486592006576,0.025480324668653038,0.03698756806739957,0.0041097297852666186,0.0]",1.0
192,935,423,1,3,sep,sat,91.2,94.3,744.4,8.4,22.3,48,4.0,0.0,1,9,1,2.0,"[1.0,3.0,91.2,9.0,2.0,94.3,744.4,8.4,22.3,48.0,4.0,0.0]","[0.0009731413001167771,0.002919423900350331,0.08875048657065007,0.008758271701050993,0.0019462826002335542,0.09176722460101207,0.7244063838069288,0.008174386920980927,0.02170105099260413,0.0467107824056053,0.0038925652004671084,0.0]",1.0
193,938,426,8,6,aug,thu,91.6,248.4,753.8,6.3,20.4,56,2.2,0.0,0,8,0,5.0,"[8.0,6.0,91.6,8.0,5.0,248.4,753.8,6.3,20.4,56.0,2.2,0.0]","[0.006635149705565231,0.004976362279173923,0.0759724641287219,0.006635149705565231,0.0041469685659782695,0.20602139835780045,0.6251969810068839,0.00522518039313262,0.01691963174919134,0.04644604793895662,0.001824666169030439,0.0]",1.0
194,946,434,1,4,aug,fri,90.6,108.3,811.2,5.5,22.2,45,3.6,0.0,0,8,0,1.0,"[1.0,4.0,90.6,8.0,1.0,108.3,811.2,5.5,22.2,45.0,3.6,0.0]","[0.0009087604507451837,0.0036350418029807347,0.08233369683751364,0.0072700836059614695,0.0009087604507451837,0.09841875681570339,0.7371864776444931,0.00499818247909851,0.020174482006543076,0.04089422028353327,0.0032715376226826612,0.0]",0.0
195,947,435,2,5,jul,sat,90.8,84.7,376.6,5.6,23.8,51,1.8,0.0,0,7,0,2.0,"[2.0,5.0,90.8,7.0,2.0,84.7,376.6,5.6,23.8,51.0,1.8,0.0]","[0.0030755036137167465,0.007688759034291866,0.13962786406274028,0.010764262648008612,0.0030755036137167465,0.1302475780409042,0.5791173304628634,0.008611410118406888,0.03659849300322928,0.07842534214977703,0.0027679532523450716,0.0]",0.0
196,951,439,1,3,sep,fri,91.1,91.3,738.1,7.2,19.1,46,2.2,0.0,1,9,1,1.0,"[1.0,3.0,91.1,9.0,1.0,91.3,738.1,7.2,19.1,46.0,2.2,0.0]","[0.0009910802775024777,0.0029732408325074326,0.09028741328047571,0.008919722497522299,0.0009910802775024777,0.0904856293359762,0.7315163528245787,0.007135777998017839,0.018929633300297323,0.045589692765113966,0.002180376610505451,0.0]",1.0
197,959,447,3,4,mar,wed,93.4,17.3,28.3,9.9,8.9,35,8.0,0.0,0,3,0,6.0,"[3.0,4.0,93.4,3.0,6.0,17.3,28.3,9.9,8.9,35.0,8.0,0.0]","[0.013837638376383764,0.01845018450184502,0.4308118081180812,0.013837638376383764,0.027675276752767528,0.0797970479704797,0.1305350553505535,0.04566420664206642,0.041051660516605165,0.1614391143911439,0.03690036900369004,0.0]",0.0
198,966,454,3,4,aug,thu,91.6,248.4,753.8,6.3,16.8,56,3.1,0.0,0,8,0,5.0,"[3.0,4.0,91.6,8.0,5.0,248.4,753.8,6.3,16.8,56.0,3.1,0.0]","[0.0025083612040133784,0.0033444816053511714,0.07658862876254181,0.006688963210702343,0.004180602006688964,0.20769230769230773,0.6302675585284282,0.005267558528428094,0.014046822742474919,0.0468227424749164,0.002591973244147158,0.0]",0.0
199,967,455,3,4,jul,mon,94.6,160.0,567.2,16.7,17.9,48,2.7,0.0,0,7,0,3.0,"[3.0,4.0,94.6,7.0,3.0,160.0,567.2,16.7,17.9,48.0,2.7,0.0]","[0.0032464019045557835,0.004328535872741045,0.1023698733903257,0.007574937777296828,0.0032464019045557835,0.1731414349096418,0.6137863867546802,0.01807163726869386,0.019370198030516175,0.051942430472892535,0.0029217617141002053,0.0]",0.0
200,970,458,8,6,aug,sat,93.7,231.1,715.1,8.4,18.9,64,4.9,0.0,1,8,1,2.0,"[8.0,6.0,93.7,8.0,2.0,231.1,715.1,8.4,18.9,64.0,4.9,0.0]","[0.006895957245065079,0.005171967933798809,0.08076889923282474,0.006895957245065079,0.0017239893112662697,0.19920696491681744,0.6164123782432547,0.007240755107318333,0.016291698991466246,0.05516765796052063,0.0042237738126023605,0.0]",0.0
201,976,464,6,4,feb,tue,91.6,4.4,16.2,1.9,5.1,77,5.4,0.0,1,2,1,4.0,"[6.0,4.0,91.6,2.0,4.0,4.4,16.2,1.9,5.1,77.0,5.4,0.0]","[0.027573529411764705,0.01838235294117647,0.4209558823529412,0.009191176470588236,0.01838235294117647,0.02022058823529412,0.0744485294117647,0.008731617647058824,0.0234375,0.3538602941176471,0.024816176470588237,0.0]",1.0
202,994,482,3,4,aug,sun,94.9,130.3,587.1,14.1,23.4,40,5.8,0.0,1,8,1,0.0,"[3.0,4.0,94.9,8.0,0.0,130.3,587.1,14.1,23.4,40.0,5.8,0.0]","[0.0032945310784098397,0.004392708104546453,0.1042169997803646,0.008785416209092905,0.0,0.1430924665056007,0.6447397320448056,0.015484296068526245,0.025697342411596748,0.04392708104546453,0.006369426751592356,0.0]",1.0
203,1000,488,4,4,aug,tue,95.1,141.3,605.8,8.4,19.4,71,7.6,0.0,1,8,1,4.0,"[4.0,4.0,95.1,8.0,4.0,141.3,605.8,8.4,19.4,71.0,7.6,0.0]","[0.0041296716911005575,0.0041296716911005575,0.09818294445591576,0.008259343382201115,0.0041296716911005575,0.14588065248812723,0.6254387776171795,0.008672310551311171,0.020028907701837705,0.0733016725170349,0.007846376213091059,0.0]",0.0
204,1001,489,4,4,aug,wed,95.1,141.3,605.8,8.4,20.6,58,1.3,0.0,0,8,0,6.0,"[4.0,4.0,95.1,8.0,6.0,141.3,605.8,8.4,20.6,58.0,1.3,0.0]","[0.004199475065616799,0.004199475065616799,0.09984251968503938,0.008398950131233597,0.006299212598425198,0.1483464566929134,0.636010498687664,0.008818897637795278,0.021627296587926514,0.060892388451443576,0.0013648293963254596,0.0]",0.0
205,1003,491,4,4,aug,thu,95.8,152.0,624.1,13.8,32.4,21,4.5,0.0,0,8,0,5.0,"[4.0,4.0,95.8,8.0,5.0,152.0,624.1,13.8,32.4,21.0,4.5,0.0]","[0.004146796599626788,0.004146796599626788,0.09931577856106158,0.008293593199253576,0.005183495749533485,0.15757827078581796,0.6470039394567697,0.01430644826871242,0.033589052456976985,0.02177068214804064,0.004665146174580137,0.0]",0.0
206,1004,492,1,3,aug,fri,95.9,158.0,633.6,11.3,32.4,27,2.2,0.0,0,8,0,1.0,"[1.0,3.0,95.9,8.0,1.0,158.0,633.6,11.3,32.4,27.0,2.2,0.0]","[0.001027326895418122,0.003081980686254366,0.09852064927059791,0.008218615163344977,0.001027326895418122,0.16231764947606328,0.6509143209369221,0.01160879391822478,0.033285391411547155,0.027737826176289296,0.0022601191699198686,0.0]",0.0
207,1006,494,6,6,aug,sat,96.0,164.0,643.0,14.0,30.8,30,4.9,0.0,1,8,1,2.0,"[6.0,6.0,96.0,8.0,2.0,164.0,643.0,14.0,30.8,30.0,4.9,0.0]","[0.005971931919976112,0.005971931919976112,0.0955509107196178,0.007962575893301484,0.001990643973325371,0.1632328058126804,0.6399920374241067,0.013934507813277597,0.03065591718921071,0.029859659599880562,0.004877077734647159,0.0]",1.0
208,1008,496,4,5,aug,mon,96.2,175.5,661.8,16.8,32.6,26,3.1,0.0,1,8,1,3.0,"[4.0,5.0,96.2,8.0,3.0,175.5,661.8,16.8,32.6,26.0,3.1,0.0]","[0.003875968992248062,0.0048449612403100775,0.0932170542635659,0.007751937984496124,0.0029069767441860465,0.17005813953488372,0.6412790697674419,0.01627906976744186,0.03158914728682171,0.025193798449612403,0.003003875968992248,0.0]",1.0
209,1011,499,7,5,aug,tue,96.1,181.1,671.2,14.3,27.3,63,4.9,6.4,1,8,1,4.0,"[7.0,5.0,96.1,8.0,4.0,181.1,671.2,14.3,27.3,63.0,4.9,6.4]","[0.006432049986217035,0.004594321418726453,0.08830285766792242,0.007350914269962325,0.0036754571349811626,0.16640632178627213,0.6167417072498391,0.013139759257557657,0.025084994946246435,0.05788844987595331,0.004502434990351924,0.00588073141596986]",1.0
210,1012,500,8,6,aug,tue,96.1,181.1,671.2,14.3,21.6,65,4.9,0.8,0,8,0,4.0,"[8.0,6.0,96.1,8.0,4.0,181.1,671.2,14.3,21.6,65.0,4.9,0.8]","[0.007400555041628121,0.0055504162812210905,0.0888991674375578,0.007400555041628121,0.0037002775208140604,0.16753006475485657,0.6209065679925994,0.013228492136910266,0.019981498612395926,0.06012950971322848,0.004532839962997224,0.0007400555041628121]",0.0
211,1016,504,4,3,aug,wed,94.5,139.4,689.1,8.4,28.9,29,4.9,0.0,1,8,1,6.0,"[4.0,3.0,94.5,8.0,6.0,139.4,689.1,8.4,28.9,29.0,4.9,0.0]","[0.003940110323089047,0.0029550827423167852,0.09308510638297873,0.007880220646178094,0.0059101654846335705,0.13731284475965327,0.6787825059101655,0.008274231678487,0.02846729708431836,0.02856579984239559,0.004826635145784083,0.0]",1.0
212,1019,507,2,4,aug,fri,91.0,166.9,752.6,7.1,25.9,41,3.6,0.0,0,8,0,1.0,"[2.0,4.0,91.0,8.0,1.0,166.9,752.6,7.1,25.9,41.0,3.6,0.0]","[0.0018130722509291997,0.0036261445018583994,0.08249478741727859,0.007252289003716799,0.0009065361254645999,0.15130087934004172,0.6822590880246578,0.006436406490798658,0.023479285649533135,0.037167981144048595,0.0032635300516725596,0.0]",1.0
213,1028,516,6,3,nov,tue,91.6,3.0,106.7,1.1,11.8,31,4.5,0.0,0,11,0,4.0,"[6.0,3.0,91.6,11.0,4.0,3.0,106.7,1.1,11.8,31.0,4.5,0.0]","[0.021921812203142124,0.010960906101571062,0.33467299963463637,0.04018998903909389,0.014614541468761415,0.010960906101571062,0.38984289367921077,0.004018998903909389,0.04311289733284618,0.11326269638290097,0.016441359152356592,0.0]",1.0
